ref_id,category,structure,description,verification_target,refs_version,static_evidence_level,static_analysis_notes,raw_analysis_notes
CT_ALLC_001,Content,Small Allocator,Manages own tree + Med Alloc + BRC + Integrity State,No,3.4,E2,Three-tier allocator confirmed: Small+Medium+Container allocators; managed by CmsAllocatorBase(Win10) / unified CmsAllocator(Win11),"Small Allocator (root #12) uses real LCNs as bootstrap fallback; confirmed in all 39 images | DOWNGRADED to INFERRED 2026-06-18 (all-disk re-verify: offset/value RD-confirmed, semantic label not disk-checkable — was CONFIRMED): Behavioral claim 'Manages own tree + Med Alloc + BRC + Integrity State' - the structural pieces are disk-present (3-tier allocator rows, integrity-state table) and E2-symbol-backed, but the 'manages' relationship is not a single b"
CT_ALLC_002,Content,Medium Allocator,Main allocator for trees and file contents,No,3.4,E2 (win10),AllocateLcns function (7511 bytes Win10) handles extent allocation,Medium Allocator (root #1) uses virtual addressing; valid MSB+ pages in all images
CT_ALLC_003,Content,Container Allocator,Allocator for itself and Container Table,No,3.4,E2,CmsContainerRangeMap (26/22 funcs) manages container-level allocation,Container Allocator (root #2) uses VIRTUAL addressing (contradicts Prade claim of real addressing)
CT_ALLC_RA_001,Content,Allocator Table,"Deep allocator row structure: key=[range_start,range_length]. Two value formats: bitmap (24B header + 2048B bitmap; 1=allocated 0=free; free_count=range_len-bits_set; field_22=used_count) and compact (24B; flags=0x2 for fully allocated). Three-tier: Small (real LCN root #12), Medium (virtual root #1), Container (virtual root #2)",No,all,N/A,report_container_and_allocator_tables.md,See report_container_and_allocator_tables.md
CT_BKRC_001,Content,Block Ref Count Table,Inferred support for cloning/dedup; fields unknown,Yes,3.4,E2,CmsBlockRefcount class: 23 funcs (Win10) / 27 funcs (Win11). Used for dedup/clone reference counting,"Block Ref Count Table (root #6, ID 0x05) present in all images; no visible structural difference on dedup-enabled volumes | DOWNGRADED to INFERRED 2026-06-18 (all-disk re-verify: offset/value RD-confirmed, semantic label not disk-checkable — was CONFIRMED): 'Inferred support for cloning/dedup; fields unknown' - the cloning/dedup support is E2-corroborated and the populated-only-on-sharing-volumes behavior is disk-observed (empty on plain v3.4/v3.14). Fields are actually now KNOWN (se"
CT_BKRC_RA_001,Content,Block RefCount Table,"Deep row structure: Key=[StartLCN(u64), BlockCount(u64)]. Value=28B header + BlockCount*u16 refcount array + 4B trailing (2080B for bc=0x400). Header: StartLCN(redundant), BlockCount(redundant), ModificationStamp(u64), TotalRefCount(u32). Array entry bitfield: RefCount(13:0), Flag14(14), Shared(15). TotalRefCount=sum(entry&0x3FFF). Dedup flags 0x8000/0x4000 on dedup volumes. Table exists from v3.4 (empty) but populated only on v3.14+. 1305 rows across 83 images; 1302/1302 sum verification matches",No,3.14,N/A,ra_step4_24_block_refcount_table_report.md,See ra_step4_24_block_refcount_table_report.md
CT_BKRC_RA_002,Content,Block RefCount,"BRC key = start_lcn(u64) + block_count(u64 always 0x400). Value = 1024 per-cluster u16: bit 15=shared/dedup-managed, bit 14=dedup metadata flag, bits 13:0=reference count (0-505 observed). Value header at +0x18 = TotalRefCount (u32) == Sum(array entry & 0x3FFF), upper 16 bits always 0 (230/230 rows, master B.6).",Partial,3.14,E2+RD,BRC table accessed via root #6; key/value structure confirmed in decompilation,"CORRECTED 2026-06-19 (master B.6): +0x18 = TotalRefCount = Sum(entry&0x3FFF), re-confirmed 230/230 rows 2026-06-17. The earlier 'compound field / 67/97 violations / not simple total' reading was a 2026-06-16 citation error, retracted. | 97 BRC rows on win11refs8gdedup.raw; 99328 tracked clusters; val+0x18 has 67/97 violations as simple sum"
CT_CNTX_001,Content,Container Index Table,Named but no field layout provided,Yes,3.4,N/A,,"Container Index Table (root #10, ID 0x0E) exists with valid MSB+ pages in all images"
CT_COMP_RA_001,Content,Compression,Compression configuration NOT visible via fsutil or raw metadata structures — only refsutil compression /q,No,3.14,N/A,Empirical observation; not yet verified in driver code,No fsutil fsinfo or metadata field exposes compression status. Must use refsutil compression /q
CT_COMP_RA_002,Content,Compression,"Compression requires dedup engine + background job; refsutil compression /c only sets parameters, does not compress existing data",No,3.14,N/A,Empirical observation; not yet verified in driver code,Confirmed during compression image creation: /c sets params but actual compression happens via dedup engine
CT_CTBL_001,Content,Container Table,Key: container identifier,No,3.4,N/A,"Raw disk analysis: 16-byte key [u64 container_id, u64 0x100000000] confirmed on all 39 images",Container ID is the key in B+-tree; sequential from 0 to container_count-1
CT_CTBL_005,Content,Container Table,0x20-0x28: free clusters in container (Prade),Yes,3.4,N/A,Raw disk analysis: free cluster count at offset 0x20 confirmed (values correlate with usage),"Row field interpretation not yet implemented in detail | DOWNGRADED to INFERRED 2026-06-18 (all-disk re-verify: offset/value RD-confirmed, semantic label not disk-checkable — was NOT_TESTED): Prade '0x20-0x28 free clusters' - the OFFSET holds a value consistent with a free-cluster count (<=CPC, varies with usage) but the SEMANTIC 'free clusters' is not E2-confirmed (no driver symbol tied). Note structure_reference dist"
CT_CTBL_006,Content,Container Table,"0x90-0x98: physical start LCN (4K clusters, Prade)",Yes,3.4,N/A,Raw disk analysis: CONFIRMED for 160-byte rows only; for 224-byte rows (SHA256/64K) phys_start is at 0xD0. Universal: value[len-16:len-8] (CT_CTBL_RA_001),NORMALIZED 2026-06-19 (was INVALIDATED): Position-independent: phys_start at row[-16] (last 16 bytes). For 160-byte rows: offset 0x90 is correct; fails on 224-byte rows. Universal formula: row[len(row)-16]. Works for 160-byte (0x90) and 224-byte (0xD0). Merged from CT_CTBL_RA_002
CT_CTBL_008,Content,Container Table,"0x98-0xA0: number of clusters (4K, Prade)",Yes,3.4,N/A,Raw disk analysis: CPC is at universal offset 0x18 (not 0x98); value[len-8:len-4] contains a CPC copy. Prade's 0x98 is the trailing copy in 160-byte rows,"DOWNGRADED to INFERRED 2026-06-18 (all-disk re-verify: offset/value RD-confirmed, semantic label not disk-checkable — was NOT_TESTED): Prade '0x98-0xA0 number of clusters (4K)'. On disk, 0x98 (for 160B rows) holds the CPC trailing copy (=16384), which IS the number of clusters per container. So Prade's offset+semantic are essentially correct: 0x98=cluster count(="
CT_CTBL_011,Content,Container Table,0xA8-0xAC: CPC clusters per container (Lee),Yes,3.4,N/A,"Raw disk analysis: INVALIDATED — CPC is at universal offset 0x18, NOT at 0xA8. Lee's offset is incorrect",CPC is at offset 0x18 universally (not 0xA8 as Lee claims). Confirmed across all 39 images including 64K clusters and SHA256. Merged from CT_CTBL_RA_001 | RE-VERIFIED 2026-06-18 (all-disk): value+0xA8 (u32) == 0 on 278873/278873 224-byte rows (CPC@0xA8 never matches the real CPC 16384/1024). CPC is at value+0x18 (and trailing copy at 0x98/0xD8). 0xA8 is out of bounds for 160B rows.
CT_CTBL_RA_003,Content,Container Table,Both SHA256 checksums AND 64K clusters cause container row size to increase from 160 to 224 bytes (they do not stack),No,both,N/A,Row size variation is disk-level observation; not directly visible in code,"Confirmed across 64K and SHA256 images. Row sizes: 160 (CRC64+4K), 224 (SHA256 or 64K)"
CT_CTBL_RA_007,Content,Virtual Addressing,"Address translation shift = CPC.bit_length() = 15 (4K) / 11 (64K), NOT log2(CPC) = 14/10. Driver stores log2(CPC) at volume+0x50 and adds 1 before shifting (GetContainerIdFromRealRange). Errata E18.",Yes,both,E2+RD,Win11 refs.sys decompilation at 0x1400b3e64 confirms +1 shift,VLCN 81408 with shift=15 resolves to CID 2 (MSB+ valid); shift=14 gives CID 4 (wrong page). Verified on 20 images
CT_DRNT_001,Content,Data Run Table,Starting LCN of data run,No,3.4,E2,CmsStream::LookupAllocation / AddAllocation / DeleteAllocation manage extent maps; data runs map VCN→LCN,
CT_DRNT_002,Content,Data Run Table,"Flags: 0x0010=data, 0x0080=CRC32, 0x0100=CRC64",No,3.4,N/A,Flag constants need raw disk verification,"PT: Extent flags at value[0x00] verified. OID 0x707 on win11refslasttests: flags=0x00A8 | RE-VERIFIED 2026-06-18 (all-disk): claimed 0x0010=data / 0x0080=CRC32 / 0x0100=CRC64; disk shows bit 0x10 is NOT 'data' (0x180040 data run lacks it), bit 0x80 marks the integrity-stride entry (0x1c00d0), and bit 0x100 (CRC64) appears in 0 of all clean extent flags corpus-wid"
CT_DRNT_003,Content,Data Run Table,Total length of data run,No,3.4,N/A,,PT: Extent length field at value[0x08] verified on win11refslasttests
CT_DRNT_004,Content,Data Run Table,Optional per-cluster checksums,No,3.4,E2,CmsIntegrityState manages per-page checksums; checksum area confirmed in data run structure,
CT_DRNT_RA_001,Content,Data Run Table,Snapshot extent entries use same 24-byte format (VLCN+flags+file_VCN+run_length) as regular type-0x40 data runs. Unified extent storage across non-resident directory entries and embedded DATA entries. Confirmed on 21 snapshots across 4 images.,No,3.14,E2,Same extent structure visible in CmsStream::LookupAllocation,Validated on 12 files / 21 true snapshots / 4 images including 21-extent 13.4 MB chains
CT_MISC_001,Content,B+ Tree Remnants,B+ tree balancing leaves recoverable remnants,Yes,3.2,E2,CoW B+-tree model means old pages persist until space reclaimed. CmsBPlusTable never overwrites in-place,Log data area contains MSB+ pages (logged copies of old tree state); confirms CoW remnant persistence
CT_MISC_002,Content,Trash Stream Table,Large deleted files retained; threshold by data-run count,Yes,3.4,E2,CmsTrashTable class: 12 funcs (Win10) / 20 funcs (Win11). Manages deferred deletion of large files,
FN_ADDR_001,File Name,Metadata Addresses,128-bit: directory_id | file_id; root=0x600,No,3.4,N/A,verify_static.py: root=0x600 in OpenRootDirectory; partial static match,128-bit keys observed in Object Table (8 bytes padding + 8 bytes OID); root=0x600 confirmed
FN_DTBL_001,File Name,Directory Table,Directory Descriptor row: type 0x10,No,3.4,N/A,,"Directory entries identified by flag 0x10000000 (bit 28) in all images | DOWNGRADED to INFERRED 2026-06-18 (all-disk re-verify: offset/value RD-confirmed, semantic label not disk-checkable — was CONFIRMED): Semantic label 'Directory Descriptor row: type 0x10' is a Prade naming; the type-0x10 key marker exists on disk but FN_DTBL_005 supersedes the directory-discrimination model (dirs are kf=0x02+attr-bit, not a distinct row type). Of"
FN_DTBL_002,File Name,Directory Table,File row: type 0x00010030 + filename,No,3.4,N/A,verify_static.py: decompiled code / function catalog evidence,Exact type encoding not yet verified at this level of detail
FN_DTBL_003,File Name,Directory Table,"Type 0x20 is the per-object FileId-resolution index (RefsFindFileId/RefsCreateFileId2), NOT a directory reverse-lookup. Key = 0x80000020 + 0 + FileId(u64) + 0 (24B). Format A (type_flag=0, variable) = filename, for non-resident files. Format B (fixed 24B, type_flag=1 on v3.4 / =2 on v3.7+) = {tf, 0, FileId, home-dir back-ref OID}, for subdirectories + cross-dir links. Format B present on v3.4 (as tf=1); tf=1->tf=2 transition at v3.7.",No,both,E2+RD,RefsFindFileId/RefsCreateFileId2 (win11 L487321 / win10 L246686); Format B value = _REFS_FILE_REFERENCE back-pointer. RefsLinkFileToSelf passes own ref; RefsMoveFile cross-dir inserts Format B.,"win10refs2tspecials (v3.4): 113 Format B all tf=1 non-self-referencing. Coverage on OID 0x702: 12 Format A == 12 non-resident files; subdirs get Format B. | DOWNGRADED to INFERRED 2026-06-18 (all-disk re-verify: offset/value RD-confirmed, semantic label not disk-checkable — was CONFIRMED): The Format A/B / tf=1->tf=2 transition and the RefsFindFileId semantic are E2+RD (decompilation-grounded); the byte presence of the 0x20 index is disk-confirmed but the detailed semantic discrimination is not a pure byte-layout cl"
FN_DTBL_004,File Name,Directory Table,Directory Link row: type 0x00020030 + dirname,No,3.4,E1,$DIR_LINK string confirmed; directory link management functions present,"Directory names extracted from B+-tree walking in refs_dirfiles.py | DOWNGRADED to INFERRED 2026-06-18 (all-disk re-verify: offset/value RD-confirmed, semantic label not disk-checkable — was CONFIRMED): E1 (string $DIR_LINK). On disk these are indistinguishable from other kf=0x02 type-0x30 entries except by the directory attribute bit (FN_DTBL_005). Semantic 'Directory Link' label is literature; byte layout confirmed."
FN_DTBL_005,File Name,Directory Entries,"key_flags is u16 at key+0x02, NOT first 4 bytes of row header. Values 0x68/0x2a8 are row sizes. CORRECTION: key_flags take ONLY {0x01=resident, 0x02=non-resident}; 0x04 NEVER appears. Directories are key_flags 0x02 with the directory attribute bit 0x10000000 set in the value attribute word (value+0x40), NOT a separate 0x04 flag. Distribution 111 images/525K entries: {0x01: 409483 ; 0x02: 115682 ; 0x04: 0}. Errata E15/E17 ""0x04=directory"" was wrong.",Yes,both,E2+RD,forefst.py reads key type at kd[0:2] and filename at kd[4:]. No code path writes key_flags=0x04; RefsAddFileNameIndexEntry ORs dir bit 0x10000000 into the attribute word.,"key_flags distribution {0x01:409483, 0x02:115682, 0x04:0} across 111 images. Directories: kf=0x02 + attrs bit 0x10000000 at value+0x40 (e.g. $RECYCLE.BIN kf=0x02 attrs=0x10000006)."
FN_DTBL_006,File Name,Directory Entries,Directory key has no Reserved(4) field at 0x04. Correct: Type(2)+key_flags(2)+Filename(var) starting at offset 0x04. Errata E16.,Yes,both,E2+RD,forefst.py kd[4:].decode(utf-16-le) produces correct filenames,Row size proof: coucou=6 chars -> key=4+12=16B; with Reserved(4) it would be 20B giving 108 not 104=0x68
FN_LINK_001,File Name,Hard Links,"Hard links abolished in ReFS 3.4 (Win10); fully supported in ReFS 3.14 (Win11 native, CHKP flag 0x080 required)",No,3.4,E2,"Win10: HardLinkCount=1 always, no RefsLinkFileToSelf. Win11: 40+ hardlink functions (RefsHardlinksSupported, RefsLinkFileToSelf, RefsOpenHardlinkDirectoryTarget, RefsConvertToStandardInfoLinkCount)","Win11 specials: 182 hardlink files, 33 shared-OID groups; the '110 true hard links' count was a PARSER ARTIFACT (RETRACTED #292/E33 — non-resident type-0x30 value+0x08 is the home-dir backref shared by siblings). Genuine hard links use the non-resident mechanism in FN_LINK_002/#340. Win10 specials: 0 hardlink files (CreateHardLink fails). Upgraded 3.4->3.14: no hard links (flag 0x080 absent) | DOWNGRADED to INFERRED 2026-06-18 (all-disk re-verify: offset/value RD-confirmed, semantic label not disk-checkable — was ENRICHED): The specific 'CHKP flag 0x080 required' part is a checkpoint/driver gate (E2), not measured here - it is INFERRED at the disk layer. The supported-vs-abolished behavior is disk-consistent."
FN_MISC_001,File Name,Entry Blocks,v1.2: 64 KiB entry blocks; v3.2+: different sizes,No,1.2/3.2,N/A,,
FN_OPEN_SA_001,File Name,Object Table,RefsCommonCreate: core file/directory create and open logic (~18679/19580 bytes). Calls RefsEditFileBegin which assigns unique OID from Object Table during file creation.,No,both,E2,See RefsCommonCreate.md. PDB + decompilation confirm OID assignment via RefsEditFileBegin,
FN_PATH_001,File Name,Path Recovery,OID Table + Parent-Child + dir names for full path,No,3.4,E2,Full path reconstruction chain: CmsObjectTable → parent-child → directory rows → $DIR_LINK,refs_dirfiles.py implements full path reconstruction via OID+Parent-Child+dir names on all images
MD_ATTR_001,Metadata,Attributes,"$STANDARD_INFORMATION: present, role moved to fixed metadata",Yes,3.4,E2 (win10),"RefsMapStandardInfo validates size >= 0x74 (116 bytes Win10). Functions: RefsMapStandardInfo, RefsGetStandardInfo, RefsSetStandardInfo, RefsComputeStandardInformationFromFcb","Individual attribute extraction not yet implemented | DOWNGRADED to INFERRED 2026-06-18 (all-disk re-verify: offset/value RD-confirmed, semantic label not disk-checkable — was NOT_TESTED): Offset/presence disk-confirmed; the prose label is static-cited (E2 win10). No contradiction."
MD_ATTR_002,Metadata,Attributes,$FILENAME: present in driver,No,3.4,E1 (all),$FILE_NAME string literal in both versions; RefsMapFileName function,Filenames extracted from directory B+-trees by refs_dirfiles.py; UTF-16LE decoding confirmed
MD_ATTR_003,Metadata,Attributes,"$DIR_LINK: new in ReFS, stores dir name+parent ID+timestamps",No,3.4,E1 (all),$DIR_LINK string literal in both versions; Win11 adds RefsAttributeManager::CreateLinkAttribute (4030B) and DeleteLinkAttribute (2567B),Directory names extracted via B+-tree walking; parent-child relationships confirmed
MD_ATTR_004,Metadata,Attributes,$OBJECT_ID: present but possibly partial support,Yes,3.4,E1,$OBJECT_ID string literal in BOTH Win10 and Win11. RefsOpenFcbById handles object ID lookups. CONTRADICTS Microsoft docs claiming no Object ID support,
MD_ATTR_005,Metadata,Attributes,$DATA: core file content (always non-resident),No,3.4,E2,"Type code 0x80 confirmed in RefsCheckValidAttributeAccess. RefsResidentWrite and RefsNonCachedResidentRead functions exist — small files CAN be resident. Threshold: 2048 bytes (v3.11+), 128 KB (v3.4-v3.10). ADS always resident. Contradicts literature stating $DATA always non-resident. Merged from MD_RESD_SA_001",Win10: 100% resident for small test files. Win11: ~92% resident. Threshold confirmed empirically.
MD_ATTR_006,Metadata,Attributes,$INDEX_ROOT: present but appears unused,No,3.4,E1,$INDEX_ROOT string literal present; type code 0x90,Schema type 0x1b0 = Index Root present in Win11 schema table (absent in Win10)
MD_ATTR_007,Metadata,Attributes,"$NAMED_DATA: ADS, resident, limited size",No,3.4,E1 (all),$NAMED_DATA string literal in both versions,"DOWNGRADED to INFERRED 2026-06-18 (all-disk re-verify: offset/value RD-confirmed, semantic label not disk-checkable — was NOT_TESTED): ADS-as-0xB0 disk mechanism confirmed; the attribute-name string and size-limit are static (E1)."
MD_ATTR_008,Metadata,Attributes,"$REPARSE_POINT: reparse metadata for symlinks/junctions. Type code 0xC0 (NTFS-equivalent). Stored as separate attribute in per-file B+ tree, not inline in 0x30 directory entry. Schema 0x1c0 (v3.7+), schema 0x170 = Reparse Point tree type.",No,3.4,E1,"$REPARSE_POINT string literal + type code 0xC0. RefsGetReparsePointValue: LookupAttribute(0xc0). RefsCreateReparsePointInternal: CreateAttributeWithValue(0xc0). Reparse tag/flag in 0x30 entry, data in separate 0xC0 attribute",REPARSE_POINT flag (0x400) on symlink files. Schema 0x170 = Reparse Point. No 0xC0 entries visible in directory B+ trees (data in per-file attribute set)
MD_ATTR_009,Metadata,Attributes,$USN_INFO: Change Journal org metadata (unofficial name),Yes,3.4,N/A,Name is analyst-assigned; exact attribute name in binary not confirmed,"verify_usn_claims.py: OID 0x520 confirmed as journal metadata container (""FS Metadata"" directory). Type 0x10 descriptor = organizational metadata. ""$USN_INFO"" name is analyst-assigned, not found in binary or PDB symbols. Actual name in parent-child table: ""FS Metadata"". | DOWNGRADED to INFERRED 2026-06-18 (all-disk re-verify: offset/value RD-confirmed, semantic label not disk-checkable — was ENRICHED): Pure semantic-name claim (confidence Low, evidence N/A). The underlying 0xF0/OID-0x520 mechanism is disk-confirmed (see RA_016)."
MD_ATTR_010,Metadata,Attributes,"$EA_INFORMATION (0xD0) + $EA (0xE0): Extended Attributes. Two-phase lookup: 0xD0 header (sizes/counts), then 0xE0 data body. NTFS-equivalent type codes. Schema 0x1d0 (v3.7+), 0x1e0 (v3.14+). Schema 0x1a0 = EA tree type.",No,3.4,E2 (win11+),"RefsLookupEasOnFile (Ea.c): LookupAttribute(0xd0) for _EA_INFORMATION header, then LookupAttribute(0xe0) for EA data body. RefsCopyAllEas: LookupAttribute(0xe0). IRP_MJ_QUERY_EA/SET_EA handlers in Win11","Schema 0x1a0 = Extended Attributes in both versions. WSL $LX* EAs found inline in 0x30 value data on disk images. Separate 0xD0/0xE0 attribute entries in per-file attribute set, not visible in directory B+ tree"
MD_ATTR_RA_001,Metadata,File Attributes,"Complete attribute values catalog: 0x10 (dir), 0x16 (hidden+system+dir), 0x20 (archive), 0x220 (sparse+archive), 0x420 (reparse+archive), 0x4020 (encrypted+archive), 0x10000400 (dir+reparse ext).",No,3.14,N/A,On-disk layout observation; not directly verifiable from driver code,See ra_step4_18_deep_attribute_analysis_report.md Section 12.1 | RE-VERIFIED 2026-06-18 (all-disk): claimed catalog includes 0x10 (dir) and 0x16 (hidden+system+dir); disk shows 0 occurrences of either - directories carry 0x10000000 (the errata 'dir bit is 0x10000000 not 0x10' pitfall). The other 5 catalog values are present.
MD_ATTR_RA_002,Metadata,File Attributes,File attribute bit map with bit 10 (0x400 REPARSE_POINT) and bit 9 (0x200 SPARSE_FILE). Full bit decomposition from bit 0 (ReadOnly) through bit 28 (NO_SCRUB_DATA).,No,3.14,N/A,On-disk layout observation; not directly verifiable from driver code,See ra_step4_18_deep_attribute_analysis_report.md Section 12.2
MD_ATTR_RA_003,Metadata,File Attributes,FileAttributes flag 0x40000 indicates Extended Attributes present — undocumented by Microsoft,No,3.14,N/A,On-disk layout observation; not directly verifiable from driver code,Discovered during refs_attributes.py development. WSL files with $LXMOD/$LXUID/$LXGID have this flag set
MD_ATTR_RA_004,Metadata,File Attributes,WSL FIFOs stored as REPARSE_POINT with $LXMOD upper bits encoding file type (FIFO = S_IFIFO 0o010000; observed $LXMOD 0o10644),No,3.14,N/A,On-disk layout observation; not directly verifiable from driver code,Confirmed on win11refs4gattributes.raw. FIFO type encoded in mode bits within $LXMOD EA value
MD_ATTR_RA_005,Metadata,B+-tree,"User OIDs (>=0x600) have exactly 4 B+-tree key types: 0x10 ($SI), 0x20 (reverse index), 0x30 (filenames), 0x40 (extents). Types 0x80-0x100 are NEVER top-level keys. Verified across 32721 user OIDs on 110 images.",Yes,both,E2+RD,"cmd_oid_detail walks all rows; le16(kd,0) only returns 0x10/0x20/0x30/0x40 for user OIDs","110 images / 32721 OIDs: 100% have only {0x10,0x20,0x30,0x40} at OID level. 0 exceptions."
MD_ATTR_RA_006,Metadata,B+-tree,Type 0x10 value contains embedded B+-tree with $OBJ_LINK (0x39/0x38) + $I30_INDEX (0x90) sub-records. 99.4% have exactly 2 rows. 0.3% have 3 (adds $REPARSE). <0.01% have 4 (adds $EA).,Yes,both,E2+RD,RefsInitializeWellKnownAttributeRowKeys (14030c92c): initializes types 0x80 and 0x39. parse_resident_btree_rows parses the embedded format.,"110 images / 32721 entries: 32510 have 2 rows (99.4%), 121 have 1 row, 86 have 3 rows, 4 have 4 rows."
MD_ATTR_RA_007,Metadata,B+-tree,"Embedded B+-tree key/value overlap: key[0:8] = le64(value_length), key[8:] = value[0:]. Row offset table at end of value: pairs of [le16 offset][0xFFFF]. Same format used in type 0x10 and resident type 0x30 values.",Yes,both,RD,,Cross-verified across 32721 type 0x10 entries: key[0:8] as le64 matches value length in 100% of parsed rows.
MD_ATTR_RA_008,Metadata,B+-tree,"Resident type 0x30 sub-record distribution (71162 entries across 110 images): MI_0x80=75303, SI_0x80=30360, SI_0xD0=3879, SI_0xE0=3854, SI_0xC0=2001, MI_0xB0=979, MI_0x100=7. Types 0x80 ($DATA), 0xB0 ($SNAPSHOT), 0xC0 ($REPARSE), 0xD0 ($EA_INFO), 0xE0 ($EA), 0x100 ($EFS) confirmed as embedded sub-records.",Yes,both,RD,,110 images scanned with parse_resident_btree_rows. Sub-record types match F.2 schema table attribute codes exactly.
MD_ATTR_RA_009,Metadata,Sub-records,"Common sub-record VALUE header: 12-byte prefix [4B padding=0][4B data_area_size][4B constant=0x0C]. Shared by all embedded attribute types (0x80 SI, 0xB0, 0xC0, 0xD0, 0xE0). Invariant across v3.4-Insider.",Yes,both,E2+RD,GetResidentStreamSummaryFromDisk / SetResidentStreamSummary decompilation,All sub-record values across 110 images share this prefix. 0 violations.
MD_ATTR_RA_010,Metadata,Sub-records,"$REPARSE_V2 (0xC0): REPARSE_DATA_BUFFER stored verbatim at val[0x0C]. Tag at val[0x0C], data_length at val[0x10]. CORRECTION: 0x8000001B = APPEXECLINK (app execution alias), the tag observed on winsider — NOT WCI/WOF. The prior _REPARSE_TAGS table was broadly mislabeled (off-by-one), now corrected to authoritative ntifs.h values: 0x80000024=LX_FIFO not AF_UNIX; AF_UNIX=0x80000023; WOF=0x80000017; WCI=0x80000018. WOF/WCI/DEDUP (0x80000013) NOT observed; AF_UNIX (0x80000023), LX_CHR (0x80000025), LX_BLK (0x80000026) NOW OBSERVED on win11refs2gtargeted (FS_REPS_RA_003/#341). Inventory (2084 instances / 47 images): SYMLINK 0xA000000C=2007, MOUNT_POINT 0xA0000003=47, APPEXECLINK 0x8000001B=28, LX_FIFO 0x80000024=2 (empty, the lxfifo file, mode S_IFIFO). refs.sys structurally recognizes only symlink/junction; all other tags stored verbatim.",Yes,both,E2+RD,RefsSetReparsePointInternal handles only 0xa000000c/0xa0000003; all other tags pass through. No driver hits for WOF/WCI/dedup constants (minifilter-handled).,"APPEXECLINK=0x8000001B (28 on winsider), not WCI/WOF. LX_FIFO=0x80000024 (the lxfifo file). WOF (0x80000017) + WCI (0x80000018) + DEDUP + LX_SYMLINK 0xA000001D NOT observed; AF_UNIX 0x80000023 + LX_CHR 0x80000025 + LX_BLK 0x80000026 NOW OBSERVED on win11refs2gtargeted (#341). refsanalysis _REPARSE_TAGS table rebuilt to authoritative values (maintainer flag)."
MD_ATTR_RA_011,Metadata,Sub-records,"$EA_INFO (0xD0): fixed 20B. CORRECTION: $SI+0x50 PackedEaSize (v3.10+) = val[0x0C] (= Σ(5+EaNameLength+EaValueLength), the NTFS-conventional PackedEaSize cached in FCB+0xA0), NOT val[0x10]. val[0x10] = Σ align4(8+nameLen+1+valLen) = serialized on-disk footprint. The two size fields were inverted in the prior claim. 3889 entries across 3 v3.14 images.",Yes,both,E2+RD,RefsComputeStandardInformationFromFcb L159549: $SI+0x50 = FCB+0xA0; RefsReplaceFileEas L399256 sets FCB+0xA0 from EA_LIST_HEADER[0] = val[0x0C].,"$SI+0x50 == val[0x0C] in 3852/3852, == val[0x10] in 0% (small image: $SI+0x50=45=val0x0C, val0x10=60). val[0x10] does NOT match."
MD_ATTR_RA_012,Metadata,Sub-records,"$EA (0xE0): FILE_FULL_EA_INFORMATION chain at val[0x0C]. Standard NT format. Common EAs: $KERNEL.PURGE.ESBCACHE (30B), $LXUID/$LXGID/$LXMOD (4B each), $LXDEV (8B = u32 major + u32 minor, #341). 3854 entries, 44-209B values.",Yes,both,E2+RD,RefsLookupEasOnFile / IRP_MJ_QUERY_EA handler decompilation,3854 entries decoded. EA chain parses correctly using standard NextEntryOffset traversal.
MD_ATTR_RA_013,Metadata,Sub-records,$EA_INFO/$EA co-occurrence: 3854 pairs always co-occur. 25 orphan $EA_INFO without $EA. 0 orphan $EA without $EA_INFO. Near-perfect co-occurrence invariant.,Yes,both,RD,,"3854 pairs, 25 orphans (EA_INFO only). 0 reverse orphans."
MD_ATTR_RA_014,Metadata,Sub-records,"Sub-record value format cross-version: ALL layouts identical across v3.4/v3.7/v3.9/v3.10/v3.14/Insider. Only KEY format differs (v3.4 no markers, v3.7+ markers at key[8:12]).",Yes,both,E2+RD,,Compared sub-record values across 6 version groups. 0 format deviations.
MD_ATTR_RA_015,Metadata,Sub-records,"$I30_INDEX (type 0x90): 140-byte value is 100% constant across all OIDs and all versions. Static B+-tree config template. Key contains '$I30' stream name (UTF-16LE). flags=0x00010240, entry_size=0x70. Verified on 418 OIDs across v3.4/v3.14/Insider.",Yes,both,E1+RD,RefsCheckValidAttributeAccess confirms type 0x90 as INDEX_ROOT (E1),418 OIDs across 4 images: 100% identical value. 0 variations.
MD_ATTR_RA_016,Metadata,Sub-records,"Types 0x50/0x60/0x70: ZERO sub-records in user objects across 111 images. 0x50 in OID 0x500 (key 0x520, 448B). 0x60 in OID 0x540 (key 0x01). 0x70 not observed. CORRECTION: type 0xF0 IS observed — exactly 1 per image (9 images where USN journal active), the USN $Max attribute (marker 0x80000001, 44B) on the Change Journal file under OID 0x520. NOT a zero/never-observed type.",Yes,both,RD,,"Full re-scan of 111 images: 0xF0 found on 9 images (1:1 with USN-journal presence), always OID 0x520 Change Journal. 0x50/0x60/0x70 confirmed zero in user objects."
MD_ATTR_RA_017,Metadata,Sub-records,"Insider sub-record census: 123367 total across 26668 OIDs. 0x39=26560, 0x90=26668, SI_0x80=33560, MI_0x80=28739, 0xD0=3877, 0xE0=3852, 0xC0=109, 0xB0=2. Complete type distribution.",Yes,insider,RD,,Full walk of Insider image winsider.raw. All sub-records classified.
MD_CS_RA_001,Metadata,Case Sensitivity,Per-directory case sensitivity on ReFS enabled via fsutil file setcasesensitiveinfo. Changes B+-tree key comparison semantics for that directory.,No,3.14,N/A,On-disk layout observation; not directly verifiable from driver code,See ra_step4_18_deep_attribute_analysis_report.md Section 7.1
MD_CS_RA_002,Metadata,Case Sensitivity,Case-sensitive files get distinct OIDs and type 0x20 stream indices. Files differing only in case coexist as separate B+-tree entries.,No,3.14,N/A,On-disk layout observation; not directly verifiable from driver code,See ra_step4_18_deep_attribute_analysis_report.md Section 7.2
MD_DATA_RA_001,Metadata,Data Extents,Non-resident extent entry is 24 bytes: VLCN(4) + VLCN_hi(4) + flags(4) + file_VCN(4) + pad(4) + run_length(4),No,3.14,N/A,On-disk layout observation; not directly verifiable from driver code,Confirmed by extraction verification: extent clusters sum matches alloc_size/cluster_size. Tested on 48 images
MD_DATA_RA_002,Metadata,Data Extents,"RETRACTED 2026-06-18: the ""single-extent inline shortcut (0x80000002 marker + VLCN@0x04 + cluster_count@0x08)"" is NOT a real structure — it is a misread of the $DATA sub-record header (marker 0x80000002 + descriptor 0x000E0080). Single-extent files use the standard 24-byte extent entry (MD_DATA_RA_001).",No,3.14,N/A,All-image verification + content-match (see structure_reference §C.4),"Phantom: 31,523 files resolve via the 24-byte stride / 0 via any 16-byte form / 400/400 content matches; the 1 ""hit"" had ""VLCN""=0xE0080 = the descriptor 0x000E0080."
MD_DATA_RA_003,Metadata,Data Extents,Hardlinked files share a single type 0x40 extent entry in the original directory's B+-tree [SUPERSEDED by FN_LINK_002/#340: the type-0x30 value+0x00 is a per-directory child ordinal (not a stream_index) and value+0x08 is the home-dir backref],No,3.14,N/A,On-disk layout observation; not directly verifiable from driver code,"Remote resolution: follow the home-dir backref (value+0x08) from type 0x30 to find type 0x40 with matching stream_index in that tree | DOWNGRADED to INFERRED 2026-06-18 (all-disk re-verify: offset/value RD-confirmed, semantic label not disk-checkable — was CONFIRMED): This is a behavioral/superseded claim, not a pure byte-layout assertion. The corrected model (value+0x00 = per-dir child ordinal, value+0x08 = home backref) is in FN_LINK_002. Marking INFERRED — the superseding claim FN_LINK_002 i"
MD_DATA_RA_004,Metadata,Data Extents,Type 0x40 key is 24 bytes: attr_type(2)=0x0040 + key_flags(2) + reserved(4) + stream_index(8) + parent_oid(8),No,3.14,N/A,On-disk layout observation; not directly verifiable from driver code,parent_oid = the directory OID containing the extent data. stream_index links type 0x30 to type 0x40
MD_DATA_RA_005,Metadata,Data Extents,"Type 0x40 value main header: file_size at offset +0x58, alloc_size at +0x60, timestamps at +0x28, file_attrs at +0x48",No,3.14,N/A,On-disk layout observation; not directly verifiable from driver code,Confirmed by matching values between type 0x30 (compact) and type 0x40 (full header) for same file
MD_DATA_RA_006,Metadata,Data Extents,Hardlink directories contain local type 0x40 stub with alloc_size=0 and file_size=0 — extent data only in original directory,No,3.14,N/A,On-disk layout observation; not directly verifiable from driver code,Stub serves as placeholder; real extents obtained via remote OID lookup. Both stubs and real entries share the type-0x40 extent key. [Hard-link framing predates FN_LINK_002/#340; the type-0x30 value+0x00 is a per-directory child ordinal]
MD_DATA_RA_008,Metadata,Sub-records,"SI $DATA (0x80): 60-byte stream summary + inline content at val[0x3C]. file_size at val[0x20]. summary_size constant 0x30. stream_flags=2 (resident). Minimum 60B (empty file), max observed 320B.",Yes,both,E2+RD,GetResidentStreamSummaryFromDisk at 140077bda,"All resident files across 110 images: content at val[0x3C], size at val[0x20]. 100% consistent. | RE-VERIFIED 2026-06-18 (all-disk): claimed version scope 'both 3.4;3.14;insider' and 'summary_size constant 0x30'; disk shows the 0x30-summary marker-0x80000001 SI $DATA is a v3.14+ structure ONLY. The byte layout (summary 0x30, content@0x3C, size@0x20) is CONFIRMED on v3.14"
MD_DATA_RA_009,Metadata,Sub-records,"MI $DATA (0x80): 40B keys, 40-288B values. Does NOT follow common 12B header. Contains extent/allocation metadata, NOT inline content. Each resident file has exactly 1 SI + 1+ MI entries.",Yes,both,E2+RD,SetResidentStreamSummary decompilation shows MI entries store allocation descriptors,MI $DATA values never contain content extractable as file bytes. Key is 40B (vs SI 16B).
MD_DATA_RA_010,Metadata,Sub-records,$DATA (type 0x80) stream_flags at val+0x38 encodes the checksum type + integrity bit (not a plain resident/non-resident boolean). Stream summary header at val+0x00; resident inline content at val[0x3C].,Yes,both,E2+RD,GetResidentStreamSummaryFromDisk / SetResidentStreamSummary stream summary layout.,stream_flags at val+0x38 carries checksum-type + integrity bit; confirmed across resident $DATA sub-records.
MD_DDIR_001,Metadata,Directory Descriptor,Creation time,No,3.4,E2,RefsComputeStandardInformationFromFcb maps CreationTime at offset 0x00 in $SI,Directory timestamps extracted by refs_dirfiles.py; creation time confirmed in all images
MD_DDIR_002,Metadata,Directory Descriptor,Modification time,No,3.4,N/A,Mapped at offset 0x08 in $SI,Modification time parsed and displayed for all directories
MD_DDIR_003,Metadata,Directory Descriptor,Metadata modification time,No,3.4,N/A,Mapped at offset 0x10 in $SI,
MD_DDIR_004,Metadata,Directory Descriptor,Access time (may be disabled),No,3.4,N/A,Mapped at offset 0x18 in $SI,
MD_DDIR_005,Metadata,Directory Descriptor,Flags,No,3.4,N/A,FileAttributes at offset 0x20 in $SI,Directory flag is 0x10000000 (bit 28) not 0x10 as in Win32. Discovered via Bug #4 during tool development. Confirmed across all 39 images. Non-standard encoding specific to ReFS internal representation. Merged from MD_DDIR_RA_001
MD_DDIR_006,Metadata,Directory Descriptor,Security descriptor ID,No,3.4,N/A,SecurityId at offset 0x28 in $SI,
MD_DEL_RA_001,Metadata,Deletion,$RECYCLE.BIN creation captured in USN with full OID/attribute lifecycle. Created on-demand during first Recycle Bin deletion. Attributes set to Hidden|System|Directory (0x16).,No,3.14,N/A,On-disk layout observation; not directly verifiable from driver code,"See ra_step4_18_deep_attribute_analysis_report.md Section 5.1 | DOWNGRADED to INFERRED 2026-06-18 (all-disk re-verify: offset/value RD-confirmed, semantic label not disk-checkable — was NEW): The on-disk presence/structure of $RECYCLE.BIN is confirmed; the USN-capture and attribute-bit (0x16) claims are behavioral/USN-log facts not exercised here."
MD_DEL_RA_002,Metadata,Deletion,Explorer deletion: $R entry is non-resident with target_oid pointing to source directory. $I entry (544 bytes) contains original path + deletion timestamp.,No,3.14,N/A,On-disk layout observation; not directly verifiable from driver code,"See ra_step4_18_deep_attribute_analysis_report.md Section 5.2 | RE-VERIFIED 2026-06-18 (all-disk): claimed '$I entry (544 bytes)'; disk shows $I $DATA content is 62-188 bytes (variable, holds the path) - the 544 figure is the fixed NTFS $I size, not the ReFS reality. The 'contains original path + deletion timestamp' and '$R non-resident'"
MD_DEL_RA_003,Metadata,Deletion,PowerShell Remove-Item permanently deletes files (USN reason 0x80000200) bypassing $RECYCLE.BIN entirely.,No,3.14,N/A,On-disk layout observation; not directly verifiable from driver code,"See ra_step4_18_deep_attribute_analysis_report.md Section 5.3 | DOWNGRADED to INFERRED 2026-06-18 (all-disk re-verify: offset/value RD-confirmed, semantic label not disk-checkable — was NEW): USN-reason and deletion-path are behavioral; no byte-layout signal to confirm/contradict here."
MD_DISK_RA_003,Metadata,Disk Structure,"Resident type 0x30 entry layout: stream_count at offset 0x20, file attributes at offset 0x48, file size at offset 0x58.",No,3.14,N/A,On-disk layout observation; not directly verifiable from driver code,See ra_step4_18_deep_attribute_analysis_report.md Section 9.3
MD_DISK_RA_004,Metadata,Disk Structure,"Stream count semantics: 1=normal file, 2=sparse or link, 3=EFS encrypted, 4-6=files with stream snapshots.",No,3.14,N/A,On-disk layout observation; not directly verifiable from driver code,"See ra_step4_18_deep_attribute_analysis_report.md Section 9.5 | RE-VERIFIED 2026-06-18 (all-disk): claimed '1=normal, 2=sparse or link, 3=EFS, 4-6=stream snapshots'; disk shows stream_count is a COUNT of embedded streams/snapshot-versions, not a file-type tag. sc=2 is the common case for plain files, not 'sparse or link'. The fixed seman"
MD_DISK_RA_006,Metadata,Disk Structure,"EFS files on disk: stream_count=3, sub-record #4 contains $EFS named stream (720 bytes) with certificate data (magic bytes $EFS in UTF-16).",No,3.14,N/A,On-disk layout observation; not directly verifiable from driver code,See ra_step4_18_deep_attribute_analysis_report.md Section 9.7
MD_DISK_RA_008,Metadata,Disk Structure,$RECYCLE.BIN on disk: $R entry target_oid=0x7B1 links to source directory. $I metadata file (188 bytes resident) contains original path and deletion timestamp.,No,3.14,N/A,On-disk layout observation; not directly verifiable from driver code,"See ra_step4_18_deep_attribute_analysis_report.md Section 9.9 | DOWNGRADED to INFERRED 2026-06-18 (all-disk re-verify: offset/value RD-confirmed, semantic label not disk-checkable — was NEW): The mechanism is right; 0x7B1 and 188 are per-image samples and must be relabelled as examples."
MD_DISK_RA_009,Metadata,Disk Structure,Case-sensitive directory on disk: both case variants (e.g. ABC.txt and abc.txt) coexist as separate B+-tree keys with distinct OIDs.,No,3.14,N/A,On-disk layout observation; not directly verifiable from driver code,See ra_step4_18_deep_attribute_analysis_report.md Section 9.10
MD_DISK_RA_010,Metadata,Directory Entry,Type 0x20 entries (kf=0x8000): secondary filename index mapping stream indices to filenames. Key format: attr_type(0x20) + kf(0x8000) + stream_idx. Value: header + filename_len(u16) + UTF-16LE filename. Enables reverse lookup from stream index to filename.,No,3.14,N/A,On-disk layout observation; not directly verifiable from driver code,See ra_step4_18_deep_attribute_analysis_report.md Section 9.4
MD_EFS_RA_001,Metadata,EFS Encryption,EFS encryption lifecycle: EFS0.LOG created in system metadata directory (OID 0x701). Encryption change reason code 0x00040000 in USN.,No,3.14,N/A,On-disk layout observation; not directly verifiable from driver code,See ra_step4_18_deep_attribute_analysis_report.md Section 6.1
MD_EFS_RA_002,Metadata,EFS Encryption,Encrypt-decrypt-encrypt cycle fully tracked via USN; each operation generates new EFS0.LOG entry with new OID entry index.,No,3.14,N/A,On-disk layout observation; not directly verifiable from driver code,See ra_step4_18_deep_attribute_analysis_report.md Section 6.2
MD_EFS_RA_003,Metadata,EFS Encryption,Encrypted files: stream_count=3 with $EFS named stream. Minimum 4096-byte allocation even for small files. Attribute value changes from 0x20 to 0x4020.,No,3.14,N/A,On-disk layout observation; not directly verifiable from driver code,See ra_step4_18_deep_attribute_analysis_report.md Section 6.3
MD_EFS_RA_005,Metadata,Sub-records,"$EFS (type 0x100): key contains '$EFS' stream name. Value 676B follows common 12B header. EFS version=2 at val[0x14], certificate GUID at val[0x18], DDF/DRF at val[0x50+]. 4 entries on win11refs4gattributestest2.",Yes,both,E2+RD,RefsCheckValidAttributeAccess confirms type 0x100,"4 entries decoded from encrypted test files. All 676B, version=2."
MD_FTBL_001,Metadata,File Table,Creation time,No,3.4,N/A,Same $SI pipeline used for files and directories,File timestamps extracted by refs_dirfiles.py across all images
MD_FTBL_002,Metadata,File Table,Modification time,No,3.4,N/A,,Modification time displayed for all files
MD_FTBL_003,Metadata,File Table,Metadata modification time,No,3.4,N/A,,
MD_FTBL_004,Metadata,File Table,Access time,No,3.4,N/A,,
MD_FTBL_005,Metadata,File Table,Flags,No,3.4,N/A,,"ARCHIVE, HIDDEN, SYSTEM, REPARSE_POINT flags confirmed in directory entries"
MD_FTBL_006,Metadata,File Table,Security descriptor ID,No,3.4,N/A,,
MD_FTBL_007,Metadata,File Table,Size / Allocated size,No,3.4,E2,RefsSetEndOfFileInfo updates file size; RefsWriteFileSizes updates valid data length,File sizes correctly parsed from directory entries; matches expected values from Generate-FSActivity
MD_LK_RA_001,Metadata,Links,"Junctions, directory symlinks, and file symlinks all supported on ReFS. All symlink types show 'l' flag in PowerShell Mode column.",No,3.14,N/A,On-disk layout observation; not directly verifiable from driver code,"See ra_step4_18_deep_attribute_analysis_report.md Section 8.1 | DOWNGRADED to INFERRED 2026-06-18 (all-disk re-verify: offset/value RD-confirmed, semantic label not disk-checkable — was NEW): Pure RD-observation/behavioral; no measurable byte-layout assertion."
MD_LK_RA_002,Metadata,Links,Symlinks stored as resident entries with attributes 0x420 (file) or 0x10000400 (directory). Target path stored twice in sub-record #3. Reparse data in sub-record #3.,No,3.14,N/A,On-disk layout observation; not directly verifiable from driver code,See ra_step4_18_deep_attribute_analysis_report.md Section 8.2
MD_LK_RA_003,Metadata,Links,ADS cannot be set on symlink files (reparse points) on ReFS. set-content -stream fails on reparse point entries.,No,3.14,N/A,On-disk layout observation; not directly verifiable from driver code,See ra_step4_18_deep_attribute_analysis_report.md Section 8.4
MD_LK_RA_004,Metadata,Links,USN reason 0x100000 (Reparse point change) identifies link creation events. Junctions get separate event; symlinks combine with File create (0x00100100).,No,3.14,N/A,On-disk layout observation; not directly verifiable from driver code,"See ra_step4_18_deep_attribute_analysis_report.md Section 8.3 | DOWNGRADED to INFERRED 2026-06-18 (all-disk re-verify: offset/value RD-confirmed, semantic label not disk-checkable — was NEW): USN-log behavioral; no byte-layout signal."
MD_LK_RA_005,Metadata,$OBJ_LINK,"$OBJ_LINK (type 0x39 on v3.7+, 0x38 on v3.4) stores primary filename + parent OID within each object's type 0x10 B+-tree record. Enables path reconstruction from Object Table alone without directory walk. Driver: RefsInitializeObjLinkRow.",Yes,both,E2+RD,RefsInitializeObjLinkRow builds row; RefsInitializeAttributeRowKey(0x39) at 14030c92c; VCB+0x2ACC version check at 1400f74a8 selects 0x38 vs 0x39,"110 images: v3.4 images use 0x38 (509 entries), v3.7+ use 0x39 (32077 MI + 14 SI). Parent OID verified via directory walk cross-reference."
MD_LK_RA_006,Metadata,$OBJ_LINK,"$OBJ_LINK version evolution: type 0x38 (v3.4, no instance markers) → type 0x39 (v3.7+, with 0x80000002 MI marker). Upgraded volumes retain v3.4 format for existing entries. Version check at VCB+0x2ACC.",Yes,both,E2+RD,Version check in decompilation: if VCB+0x2ACC == 0x38 use legacy format,win10to11refs4g.raw (v3.4→v3.14 upgrade): 39 OIDs all retain type 0x38 despite v3.14 version number.
MD_LK_RA_007,Metadata,$OBJ_LINK,$OBJ_LINK value format (v3.7+): +0x00=marker(4B) +0x04=type(2B) +0x06=subtype(2B) +0x08=parent_oid(le32) +0x0C=reserved(12B zeros) +0x18=filename(UTF-16LE). Total varies with filename length (26-82 bytes observed).,Yes,both,E2+RD,,32077 entries parsed: parent_oid at +0x08 matches directory walk parent. Filename at +0x18 matches type 0x30 key. Reserved bytes +0x0C always zero.
MD_LK_RA_008,Metadata,Sub-records,"v3.4 $OBJ_LINK (type 0x38): uses 12B common header. Parent OID at val[0x14], 4 timestamps at val[0x1C-0x3C], file_attrs at val[0x3C], filename at val[0x5E]. Verified on win10refsmini (6 entries).",Yes,both,E2+RD,RefsInitializeObjLinkRow decompilation,6 entries decoded. Parent OIDs and filenames match directory tree.
MD_LK_RA_009,Metadata,Sub-records,"v3.7+ $OBJ_LINK (type 0x39): NO common header. val[0:4]=marker 0x80000002, val[8:12]=parent_oid, val[24:]=filename. Timestamps removed vs v3.4. 26560 entries on Insider.",Yes,both,E2+RD,RefsInitializeObjLinkRow decompilation (Win11),26560 entries. All decode correctly with parent OIDs matching directory tree.
MD_MISC_001,Metadata,Manipulation,SetMace does not work on ReFS (no $MFT),No,3.2,N/A,,
MD_MISC_002,Metadata,Volume Direct IO File,"Unknown metadata file, future work",Yes,3.4,N/A,,
MD_SECT_001,Metadata,Security Table,Centralized security descriptors indexed by security ID,No,3.4,E2,Security ID at offset 0x28 in $SI; SeAccessCheck calls in RefsCommon* functions,Security Descriptor Stream (OID 0x530) present in all images' Object Tables
MD_SF_RA_001,Metadata,Sparse Files,"Sparse file creation requires 3-step process on ReFS: (1) create file, (2) fsutil sparse setflag, (3) fsutil sparse setrange.",No,3.14,N/A,On-disk layout observation; not directly verifiable from driver code,See ra_step4_18_deep_attribute_analysis_report.md Section 4.1
MD_SF_RA_002,Metadata,Sparse Files,Sparse flag appears as Basic info change (0x8000) in USN with attribute changing from 0x20 to 0x220 (adding FILE_ATTRIBUTE_SPARSE_FILE bit 0x200).,No,3.14,N/A,On-disk layout observation; not directly verifiable from driver code,See ra_step4_18_deep_attribute_analysis_report.md Section 4.2
MD_SF_RA_004,Metadata,Sparse Files,Fully sparse files have alloc_size=0 on disk (confirmed via refs_dataruns.py). No clusters allocated for fully sparse content.,No,3.14,N/A,On-disk layout observation; not directly verifiable from driver code,See ra_step4_18_deep_attribute_analysis_report.md Section 4
MD_SI_RA_001,Metadata,$SI,"E21: $SI field corrections — ReparseTag at +0x54 (not 0x4C), HardLinkCount at +0x70 (not 0x48), +0x48 is conditional u64, +0x50 is u16-derived u32. Five corrections from RefsComputeStandardInformationFromFcb decompilation.",Yes,3.14,E2+RD,"RefsComputeStandardInformationFromFcb: *(u32*)(SI+0x54) = *(u32*)(FCB+0x9c) (ReparseTag), *(u32*)(SI+0x70) from RefsConvertToStandardInfoLinkCount","525K entries / 111 images: +0x54 correct for symlinks. +0x70 always 0 or 1. CORRECTION: the prior ""confirmed cross-directory hard links"" (87/41 multi-parent OIDs) were a parser artifact — non-resident type-0x30 value[0x08] is the home-directory OID back-reference (shared by siblings), not a child OID. $SI+0x70 is the resident-layout HLC (always 0/1) and is NOT the multi-name counter. The pre-step6 corpus had no genuine hard links, but they DO exist (non-resident type-0x30 mechanism) and were since observed on win11refs2gtargeted (FN_LINK_002/#340)"
MD_SI_RA_002,Metadata,$SI,"Type-0x10 $SI+0x38 (DataSize slot) = 0 across all versions / 110 images (CONFIRMED). The value previously attributed to 'resident directory-entry $SI DataSize' is the type-0x30 INDEX-ENTRY FileSize at value+0x58 (master C.2) — a DIFFERENT structure, not $SI+0x38.",Yes,both,E2+RD,"RefsComputeStandardInformationFromFcb: *(u64*)(SI+0x38) = *(u64*)(FCB+0x88), sourced from attribute 0x80 stream summary","CORRECTED 2026-06-19 (E45/E26, master C.7): the '$SI+0x38 DataSize populated in resident dir entry' label is wrong — that 97.9%-matching value is the type-0x30 index-entry FileSize at value+0x58. Type-0x10 $SI+0x38 itself is 0. | 110 images / 525145 entries: ALL child OID type 0x10 $SI have DataSize=0. Resident directory entries: 32573/33263 exact match (97.9%). Report: report_datasize_verification.txt"
MD_SI_RA_003,Metadata,$SI,"The 97.9% exact-match value (32573/33263 on winsider.raw) is the type-0x30 INDEX-ENTRY FileSize at value+0x58 (master C.2), NOT '$SI DataSize' (the type-0x10 $SI+0x38 DataSize slot is 0 across the corpus). FileSize == embedded $DATA content size (8-byte aligned; FileSize >= content always).",Yes,3.14,RD,,"CORRECTED 2026-06-19 (E45/E26, master C.7): re-attributed from '$SI DataSize' to the type-0x30 index-entry FileSize at value+0x58. The measurement is real; only the field label was wrong. | winsider.raw: 32573 exact + 689 alignment + 1 outlier = 33263 total resident. All 689 mismatches follow ceil(n/8)*8 pattern. Excluding win11refs2tmillionsofactionsv2: 97.0% match across remaining images."
MD_SI_RA_004,Metadata,$SI,"Directory DataSize=0 invariant: 32490/32490 directories (100%) have $SI+0x38 = 0 across all 110 tested images and all versions (v3.4 through v3.14+/insider). Directories never have a $DATA stream, so DataSize is always zero.",Yes,both,RD,,"110 images scanned: 32490 directories, 0 exceptions. Invariant holds on v3.4 (12 images), v3.7-v3.10 (5 images), v3.14+ (91 images), v6.66 (2 images)."
MD_SI_RA_005,Metadata,$SI,"InternalFlags ($SI+0x24) transition: zero on ALL v3.4/v3.7/v3.9/v3.10 images (0/18). Non-zero on ALL v3.14 images (90/90, 368380 entries). Transition at v3.14, not v3.10 as E25 conservative estimate.",Yes,both,E2+RD,RefsComputeStandardInformationInternalFromFcb at 1400b7454 (Win11) / 1400b0604 (Insider): 4-bit extraction from FCB[0x08],"111 images / 525165 entries: zero on v3.4-v3.10 (8389 entries), non-zero on v3.14 (368380). Bits 4-5 via callers."
MD_SI_RA_006,Metadata,$SI,"InternalFlags bit mapping: bit0=DELETE/DISPOSITION (FCB bit27 — set in DeleteDirectoryOnDisk/EFS paths, NOT integrity; integrity-stream = file_attrs 0x8000 per MD_INTG_RA_001/#342), bit1=DEDUP/COW(FCB bit22), bit2=BIT_0xB(FCB bit11), bit3=BIT_0x1F(FCB bit31). Most common: 0x08 (BIT_0x1F at 33553 on Insider). Bits 4-5 from RefsConvertToStandardInfoLinkCount.",Yes,both,E2+RD,Decompiled at 1400b7454 (Win11) / 1400b0604 (Insider). Identical logic.,"Insider: 0x08=33553, 0x01=997, 0x20=78, 0x05=7, 0x28=3"
MD_SI_RA_008,Metadata,$SI,"$SI+0x58 (v3.4 ""ExternalFileId_1"" / v3.7+ ""VersionRefCount"") = NextFileId, a directory CHILD-CREATION ordinal — NOT a version/write counter. Write path RefsMoveFile increments the parent dir SCB's NextFileId (SCB+0x1b8 win11/+0x1a8 insider, init=1) and stamps the new child FCB+0x158. Non-zero on 100% of v3.4 entries (3601/3601), values small integers = assigned child ordinals.",Yes,both,E2+RD,RefsMoveFile increments parent SCB NextFileId (L192932) + RefsPersistNextFileId; persisted to dir own-row only when version<0x30b (else object-record payload). Read in RefsComputeStandardInformationFromFcb from dir SCB.,3601/3601 v3.4 entries non-zero; values = child ordinals (near-contiguous from 2). dir own-row = max(child ordinal): 0 violations across 232 dirs on v3.7/3.9/3.10.
MD_SI_RA_010,Metadata,$SI,"NextFileId ($SI+0x58, formerly ""VersionRefCount"") upper 32 always 0 across 521564 v3.7+ entries; full u64, max observed 110001 (a child ordinal, NOT a version/write count). 3-population model: resident-file inline $SI always populated (all versions incl native v3.14); dir/file own-rows populated v3.4-v3.10 but 0 on native v3.14 (version<0x30b persist gate).",Yes,both,E2+RD,RefsPersistNextFileId writes dir own-row $SI+0x58 only when version<0x30b; object-record payload on all versions. Read from dir SCB+0x1b8/0x1a8.,"521564 v3.7+ entries, hi=0 on 100%. Max=110001. Resident files populated on native v3.14; dir/file own-rows 0 on native v3.14."
MD_SI_RA_011,Metadata,$SI,PackedEaSize transition at v3.10 confirmed: v3.4-v3.9 max=12 (SYMLINK & 0xFFFF). v3.10+ max=209 (EA sizes). V4 invariant (ReparseTagLow16 == Tag & 0xFFFF): 0 violations on v3.4-v3.9.,Yes,both,E2+RD,E22: version check in decompilation at transition point,"v3.4: 187 non-zero (max 12). v3.7: 116 (max 12). v3.9: 242 (max 12). v3.10: 0. v3.14: 3991 (max 209). | DOWNGRADED to INFERRED 2026-06-18 (all-disk re-verify: offset/value RD-confirmed, semantic label not disk-checkable — was CONFIRMED): Offset confirmed; field is small. The semantic transition (v3.4-3.9 ReparseTagLow16 vs v3.10+ PackedEaSize) and the V4 invariant are E2-grounded and not disk-verifiable on the pre-3.10 side (UNCONFIRMABLE there - no pre-3.10 repar"
MD_SI_RA_012,Metadata,$SI,ExternalFileObjectId ($SI+0x74 v3.7+): Only 1 non-zero entry across 525K entries (0xF000 on testads.txt in win11refs2tsnapshots). Effectively unused.,Yes,both,RD,,1/525165 non-zero across 111 images.
MD_SI_RA_013,Metadata,$SI,"$SI+0x40 ClassTag = the file LastUsn (byte offset of its most recent $UsnJrnl:$J record, from journal write cursor VCB+0x3a0 / FCB+0xe0; 8-byte aligned). $SI+0x48 SessionTimestamp = the USN JOURNAL ID (VCB+0x388, a FILETIME). NOT a storage-tiering tag (the E3/E24 tiering theory is DISPROVEN). FCB bit23 = cached last-USN valid for current journal epoch. Both written atomically by RefsWriteFcbUsnRecordToJournal->RefsPartialSetStandardInfo (gated VCB+0x18 & 0x80000), explaining the 0-violation co-occurrence.",Yes,both,E2+RD,"RefsWriteFcbUsnRecordToJournal->RefsPartialSetStandardInfo(...,0x40,0x10,...) gated VCB+0x18 & 0x80000 (win11 L446230). Journal id VCB+0x388 set at init (L159523/L445682). Read code present since v3.4 (VCB+0x360, FCB+4 bit).","717/717 ClassTag values 8-byte aligned (USN records are 8-aligned); exactly 1 distinct SessionTimestamp per volume (journal id, not per-file); upper-32 always 0; nonzero only on v3.14+ images with active USN journal."
MD_SI_RA_014,Metadata,$SI,"InternalFlags ($SI+0x24) bit5 (0x20) = symlink/junction REDIRECTION-TRUST level (FCB[0xf4] bit1 from IoComputeRedirectionTrustLevel), NOT ""HardLinkCount drops to 0"". Written only in RefsSetReparsePointInternal for tags 0xa000000c/0xa0000003. The HLC-zero path (RefsConvertToStandardInfoLinkCount) ORs bit2 (0x04), never 0x20.",Yes,both,E2+RD,RefsSetReparsePointInternal sets FCB[0xf4] (L174306); RefsComputeStandardInformationFromFcb shifts FCB[0xf4] bits 0-1 into $SI+0x24 bits 4-5 (L159547). Link-count-zero path ORs param_4=0x04 (insider L511461).,"winsider file_own internal_flags=0x20 count = 78 = EXACTLY the 78 reparse points (46 junctions + 32 symlinks). Across 47 v3.14+ images with bit5 set, all 47 have a symlink/junction; 0 counterexamples. | DOWNGRADED to INFERRED 2026-06-18 (all-disk re-verify: offset/value RD-confirmed, semantic label not disk-checkable — was CONFIRMED): The 'redirection-trust level (FCB[0xf4] bit1 from IoComputeRedirectionTrustLevel)' semantic is static/E2-only. Disk confirms the 78=78 reparse-point correlation but the bit's exact FCB source is not disk-derivable."
MD_SI_RA_015,Metadata,$SI,"RETRACTED: $SI+0x30 is NOT a USN/change-journal byte-offset. Type-0x10 $SI+0x30 = 0 on 0/32,629 own-rows across the corpus. The real per-file->journal link is LastUsn ($SI+0x40 / value+0x68) = virtual byte offset of the file's latest $UsnJrnl:$J record + UsnJournalId ($SI+0x48 / value+0x70).",Yes,both,E2+RD,RefsComputeStandardInformationFromFcb: USN <- FCB+0x90 (L159515); on refresh FCB+0x90 overwritten from $DATA stream summary +0x10 (L465168). RefsUsnAppendData advances the write pointer by record length.,"RETRACTED 2026-06-19 (E30 retracted 2026-06-17, E45): the 'USN at $SI+0x30, populated 53-99.5%' values were a misread of the type-0x30 index-entry FileSize at value+0x58. Proven: USN = LastUsn@value+0x68 (480/480 $J-record matches). | 0% nonzero on file_own + dir_own across ALL versions; file_resident 53-99.5% (tracks journal activity)."
MD_SI_SA_001,Metadata,SI,$SI size: Win10=116B (0x74); Win11=124B (0x7C). RefsMapStandardInfo validates minimum size. NOT backward-compatible,No,both,E2,"Win11 SI structure is entirely new finding. v3.7+ extension fields corrected: 0x40=LastUsn, 0x48=UsnJournalId, 0x50=PackedEaSize, 0x54=ReparseTag, 0x58=NextFileId, 0x60/0x68=ExternalFileId_2/3, 0x70=HardLinkCount, 0x74=NextStreamSetId (see E27/E28/E36/E39)",Would need attribute-level parser to verify from raw disk
MD_SI_SA_002,Metadata,SI,"RefsComputeStandardInformationFromFcb (Win11 only): constructs complete 124-byte $STANDARD_INFORMATION from FCB fields. Maps all $SI offsets (corrected names: LastUsn 0x40, UsnJournalId 0x48, PackedEaSize 0x50, ReparseTag 0x54, NextFileId 0x58, ExtFileId_2/3 0x60/0x68, HardLinkCount 0x70, NextStreamSetId 0x74). Not present in Win10.",No,win11,E2,See RefsComputeStandardInformationFromFcb.md. Rosetta Stone for Win11 $SI structure,Would need attribute-level parser to verify from raw disk
MD_SNAP_RA_001,Metadata,Stream Snapshots,Stream snapshots: snapshot name stored inline as UTF-16LE in sub-record body. Created via refsutil streamsnapshot /c.,No,3.14,N/A,On-disk layout observation; not directly verifiable from driver code,See ra_step4_18_deep_attribute_analysis_report.md Section 10.1
MD_SNAP_RA_002,Metadata,Stream Snapshots,Snapshots preserve complete extent descriptor sets for each file version. Enables recovery of previous file content from raw disk.,No,3.14,N/A,On-disk layout observation; not directly verifiable from driver code,"See ra_step4_18_deep_attribute_analysis_report.md Section 10.3 | DOWNGRADED to INFERRED 2026-06-18 (all-disk re-verify: offset/value RD-confirmed, semantic label not disk-checkable — was NEW): Behavioral/recovery claim; the descriptor structure is on-disk but the non-resident extent recovery path is not exercised by corpus images."
MD_SNAP_RA_003,Metadata,Stream Snapshots,Non-resident snapshot extents use same VLCN format as type 0x40 data runs. Standard extent resolution applies to snapshot data recovery.,No,3.14,E2,"E2 2026-06-18: snapshot DATA reuses CmsStream::LookupAllocation -- the SAME extent routine as ordinary type-0x40 file reads (reads run+0x00 VLCN, +0x0C file_vcn, +0x14 run_length); 24-byte extent format VLCN@0x00/flags@0x08/file_vcn@0x0C/run@0x14 identical to type-0x40. Residency = disk-allocated-size at DATA value+0x48 (0=inline, >0=non-resident).","CONFIRMED ALL-DISK 2026-06-18: 29 of 30 true snapshots are NON-RESIDENT across 8 images; content byte-exact recovered (arg.txt/test2='arg ument 1', 1 extent; xbpt_beta_sierra_570651.json/versionmodified=3,202,036 B across 8 extents, header GFSAREPLAY). Extent format identical to type-0x40 (C.4). The prior UNCONFIRMABLE re-verify conflated the 116-byte 0xB0-record residency with the linked 0x80-DATA-record residency. See structure_reference C.6."
MD_SNAP_RA_004,Metadata,Stream Snapshots,Snapshot sub-record format: size + header + UTF-16 name + metadata + extents. Stream count increases per snapshot (4-6 for 1-2 snapshots).,No,3.14,N/A,On-disk layout observation; not directly verifiable from driver code,See ra_step4_18_deep_attribute_analysis_report.md Section 10.2
MD_SNAP_RA_005,Metadata,Directory Entries,"E20 RETRACTED: ADS are always resident (inline). 956 ADS across 46 images all have StreamSummary flags=0. 29 snapshot entries have SS flags=2. 28 entries initially misclassified as extent-based ADS were actually snapshots (same 0x000500B0 descriptor). Discriminator: StreamSummary flags (u16) at val[0x10] — 0=ADS, 2=snapshot.",Yes,both,E2+RD,RefsConvertToNonResident accepts type 0xB0 but conversion threshold (2KB) never reached by ADS,985 entries / 111 images: 956 ADS (SS flags=0) + 29 snapshots (SS flags=2). Both discriminators (val[0x10] and val[0x02] HasSnapshot bit) agree perfectly
MD_SNAP_RA_006,Metadata,Sub-records,"$SNAPSHOT/ADS (0xB0): identical stream summary format to SI $DATA. Storage type at val[0x10]: 0=ADS, non-zero=snapshot. 979 MI entries across 110 images (678 ADS + 30 snapshots).",Yes,both,E2+RD,RefsConvertToNonResident accepts type 0xB0,"979 entries: val[0x10]=0 for ADS, val[0x10]!=0 for snapshots. Stream summary at same offsets as SI $DATA."
MD_SNAP_RA_007,Metadata,$SI,"E20 reaffirmed: ALL alternate data streams (ADS, type 0xB0) are inline/resident — every 0xB0 ADS has stream_flags=0x02 (159/159), including the single attr_flags=0x1000 ADS (still inline). The ""genuine non-resident ADS"" claim is REFUTED; attr-bit 0x1000 marks ADS-on-a-file-with-snapshots/stream-set, not non-residency.",Yes,both,RD,RefsConvertToNonResident accepts type 0xB0 but the 2KB conversion threshold is never reached by ADS.,All 159 ADS stream_flags=0x02 (inline); the one attr_flags=0x1000 ADS still stream_flags=0x02. E20 (ADS always inline) HOLDS.
MD_TS_RA_001,Metadata,Timestamps,Last access time (offset 0x40 in $SI) updated on read operations when RefsDisableLastAccessUpdate=0. Independent of Last Write Time. Verified: cat ok.txt changed LastAccessTime from 3:30:03 to 3:30:27 while LastWriteTime stayed at 3:30:03.,No,all,N/A,On-disk layout observation; not directly verifiable from driver code,Manual test on win11refs8gtest4timestamps.raw with registry RefsDisableLastAccessUpdate=0. Raw disk verification at offset 0x40. See ra_step4_17_4th_timestamp_report.md
MD_TS_RA_002,Metadata,Timestamps,Write operations update both Last Write Time (M offset 0x30) and Last Access Time (A offset 0x40) simultaneously to the same value. A write implies access.,No,all,N/A,On-disk layout observation; not directly verifiable from driver code,"Observed in manual timestamp tests on win11refs8gtest4timestamps.raw. See ra_step4_17_4th_timestamp_report.md | DOWNGRADED to INFERRED 2026-06-18 (all-disk re-verify: offset/value RD-confirmed, semantic label not disk-checkable — was CONFIRMED): The 'write updates both M and A to the same value' is behavioral; partially visible (equal timestamps on written files) but a controlled write-vs-read experiment is needed to assert causation. Offsets confirmed."
MD_TS_RA_003,Metadata,Timestamps,ADS (Alternate Data Stream) writes update parent file LastWriteTime AND LastAccessTime. The ADS operation is reflected in the main $SI timestamps.,No,all,N/A,On-disk layout observation; not directly verifiable from driver code,set-content -stream 'adstest' updated parent file M and A timestamps. See ra_step4_17_4th_timestamp_report.md
MD_TS_RA_004,Metadata,Timestamps,Attribute changes (e.g. setting ReadOnly) update ONLY the metadata change time at offset 0x38. This timestamp is NOT exposed by PowerShell Get-Item (which shows only C M A). Only visible via raw disk analysis or Win32 GetFileInformationByHandleEx.,No,all,N/A,On-disk layout observation; not directly verifiable from driver code,Raw disk: MFT change time 13:33:27 at offset 0x38 vs last access 13:32:09 at offset 0x40. Delta = 1:18 confirming separate update. See ra_step4_17_4th_timestamp_report.md
MD_TS_RA_005,Metadata,Timestamps,ReFS does NOT support 8.3 short file names. fsutil file setshortname returns 'A local NTFS volume is required'. Format-Volume -ShortFileNameSupport $true returns 'Not Supported'. No RefsSetShortName function exists in refs.sys.,No,all,E2,No RefsSetShortName function in refs.sys decompilation,Tested on win11refs8gtest4timestamps.raw. See ra_step4_17_4th_timestamp_report.md
MD_UNSUP_RA_001,Metadata,Unsupported Features,"Object IDs (fsutil objectid), short names (fsutil file setshortname), and DAX mode NOT supported on ReFS. Hard-link enumeration (fsutil hardlink list) IS supported on native v3.14 (#340/FN_LINK_002 — verified on win11refs2gtargeted); it was unsupported on v3.4.",No,3.14,N/A,On-disk layout observation; not directly verifiable from driver code,See ra_step4_18_deep_attribute_analysis_report.md Section 11.1
MD_USN_RA_001,Metadata,USN Journal,USN Journal version 3 record format on ReFS with 128-bit File IDs. Record lengths range from 96 to 168 bytes depending on file name length.,No,3.14,N/A,On-disk layout observation; not directly verifiable from driver code,See ra_step4_18_deep_attribute_analysis_report.md Section 3.1 | RE-VERIFIED 2026-06-18 (all-disk): claimed 'Record lengths range from 96 to 168 bytes'; disk shows 80..312 across the corpus. The 96-168 window is both too high a floor (driver min is 0x50=80) and too low a ceiling (312 observed). structure_reference §C.13 already CORRECTED 
MD_USN_RA_002,Metadata,USN Journal,"128-bit File ID structure: upper 8 bytes = table OID, lower 8 bytes = entry index. Enables direct mapping from USN record to B+-tree location.",No,3.14,N/A,On-disk layout observation; not directly verifiable from driver code,See ra_step4_18_deep_attribute_analysis_report.md Section 3.2
MD_USN_RA_003,Metadata,USN Journal,USN reason code catalog for ReFS operations including Reparse point change 0x100000. Covers file create/delete/modify/rename/attribute change/encryption/sparse/security.,No,3.14,N/A,On-disk layout observation; not directly verifiable from driver code,See ra_step4_18_deep_attribute_analysis_report.md Section 3.3
MD_USN_RA_004,Metadata,Sub-records,"Type 0xF0 = USN change-journal $Max metadata (NTFS $UsnJrnl:$Max: MaximumSize@+0x00 / AllocationDelta@+0x08 / UsnId FILETIME@+0x10 / LowestValidUsn@+0x18). Unnamed single-instance attr (marker 0x80000001), 0x20-byte payload + 12B wrapper = 44B, on the ""Change Journal"" file under OID 0x520. Created by RefsSetupUsnJournal — present since v3.4. Distinct from 0x100/$EFS.",Yes,both,E2+RD,"RefsSetupUsnJournal: win11 CreateAttribute(0xf0,NULL,&body,0x20) L445618 / win10 RefsCreateAttributeWithValue(0xf0,NULL,0x20) L325274; READ LookupAttribute(0xf0,NULL). EFS path uses type 0x100.","9 images (1 per image, all where USN journal active), always OID 0x520 Change Journal, 44 bytes. MaxSize 32MB(winsider)/128MB = standard fsutil usn createjournal sizes. v3.14 floor = sampling artifact."
