doc,line,issue,severity,statement,correct,doc_touched_this_pass
attributes/EXTEND.md,3,UNSUPPORTED,high,**Attribute Name:** $EXTEND,"$EXTEND is not a ReFS attribute. It does not appear in the authoritative attribute schema table (structure_reference.md F.2, type codes 0x110-0x200) nor in proof_index.csv. The only on-disk/binary bas",False
attributes/EXTEND.md,7,CONTRADICTED,high,"Extension metadata directory. Similar to NTFS $Extend directory that contains special system files (quota, object ID, USN journal, etc.).","The ReFS NTFS-$Extend equivalent is an OID/object, not an attribute: OID 0x520 'FS Metadata' directory (schema 0x200, child of root 0x600). Per errata E18/E19, structure_reference.md line 1308, and fi",False
attributes/INDEX_ALLOCATION.md,7,CONTRADICTED,high,**Attribute Name:** $INDEX_ALLOCATION ... Type code 0xA0 confirmed via code analysis.,"Master attribute table assigns type code 0xA0 to $INDEX_ROOT (Extended attributes index), NOT $INDEX_ALLOCATION. Source: structure_reference.md line 1261 (CONFIRMED: '0x1A0 | 0xA0 | $INDEX_ROOT | Exte",False
concepts/architecture.md,75,CONTRADICTED,high,RefsCommonCleanup alone is approximately 65 KB of compiled code.,RefsCommonCleanup is ~10.5-11.2 KB (win10 10642 / win11 10563 / insider 11243 bytes); the largest function in the driver is RefsCommonWrite at ~15 KB (function_catalog.csv),True
concepts/bootstrap_chain.md,41,CONTRADICTED,high,The superblock has a CRC32-C self-descriptor but this is not verified by the driver during normal mount.,"SUPB carries an 8-byte CRC64 self-checksum that IS verified at mount (ValidateSuperBlock/ChooseSuperBlock @201323/203858) with mount-time self-heal — the old 'CRC32-C, not validated' wording is explic",True
concepts/checksum_architecture.md,150,CONTRADICTED,high,"It [SUPB] has a CRC32-C self-descriptor, but this is not validated during normal mount — the driver ... trusts the content.","SUPB has an 8-byte CRC64 self-checksum that IS validated at mount (and self-healed on disagreement); the 'CRC32-C, not validated' note is explicitly superseded (finding #332; structure_reference.md A.",True
concepts/checksum_architecture.md,30,OUTDATED,high,SUPB | CRC32-C (self-descriptor) | Superblock structural integrity,"SUPB carries an 8-byte CRC64 self-checksum (LcnWithChecksum self-descriptor via +0x78), NOT CRC32-C (structure_reference A.3 / finding #332, supersedes the old CRC32-C note)",True
concepts/checksum_architecture.md,83,OUTDATED,high,Used exclusively for self-descriptors in the checkpoint (CHKP) and superblock (SUPB).,"CRC32-C is used for the CHKP self-descriptor only (cktype 0x01, structure_reference D.1a). The SUPB self-descriptor is an 8-byte CRC64, not CRC32-C (finding #332)",True
concepts/checksum_architecture.md,150,OUTDATED,high,"It has a CRC32-C self-descriptor, but this is not validated during normal mount — the driver ... trusts the content.","SUPB has an 8-byte CRC64 self-checksum and it IS verified at mount (ValidateSuperBlock -> ComputeOrVerifySelfChecksumBlock); supersedes 'CRC32-C, not validated' (structure_reference A.3 / finding #332",True
concepts/checksum_architecture.md,35,CONTRADICTED,high,Because it has no parent ... [CHKP] uses a CRC32-C self-descriptor instead of the CRC64 used for all child pages.,"The checkpoint self-checksum is an 8-byte CRC64 (LcnWithChecksum self-descriptor), NOT CRC32-C; verified at mount. finding #332; structure_reference.md lines 143-156",True
concepts/checksum_architecture.md,83,CONTRADICTED,high,[CRC32-C] Used exclusively for self-descriptors in the checkpoint (CHKP) and superblock (SUPB).,"CHKP and SUPB self-descriptors use an 8-byte CRC64, not CRC32-C (which explicitly supersedes the old CRC32-C note). finding #332; structure_reference.md line 143",True
concepts/checksum_architecture.md,150,CONTRADICTED,high,"[SUPB] has a CRC32-C self-descriptor, but this is not validated during normal mount — the driver ... trusts the content.",SUPB self-checksum is an 8-byte CRC64 and IS validated at mount; a corrupt copy is dropped/self-healed via highest-clock selection. finding #332; structure_reference.md lines 133-144,True
concepts/checksum_architecture.md,32,OUTDATED,high,CHKP | CRC32-C (self-descriptor) | Checkpoint self-integrity; this is the Merkle root,"CHKP carries an 8-byte CRC64 self-checksum verified at mount, NOT CRC32-C. structure_reference L151 / finding #332.",True
concepts/checksum_architecture.md,15,OUTDATED,high,CHKP └─ CRC32-C self-descriptor (verified on mount),"CHKP self-checksum is an 8-byte CRC64 verified at mount, NOT CRC32-C (the digest is 8 bytes = CRC64). finding #332; structure_reference.md A.4 lines 151-156",True
concepts/checksum_architecture.md,83,CONTRADICTED,high,CRC32-C ... Used exclusively for self-descriptors in the checkpoint (CHKP) and superblock (SUPB).,"CHKP/SUPB self-descriptors use CRC64 (#332). CRC32-C (CmsCrc32) is used for per-file integrity-stream data blocks (CHECKSUM_TYPE_CRC32), not SUPB/CHKP. structure_reference.md lines 1123, 1405",True
concepts/checksum_architecture.md,15,OUTDATED,high,CHKP -> CRC32-C self-descriptor (verified on mount),"CHKP self-descriptor is an 8-byte CRC64 self-checksum (verified at mount), not CRC32-C. structure_reference.md L151 ('8-byte CRC64 self-checksum verified at mount'); finding #332; redundancy.md L11",True
README.md,122,OUTDATED,low,"[Principal Findings] 236 claims: 2 corrections, 37 enrichments, 112 new","Reflects the original thesis baseline. The current findings_register (339 findings) tallies 37 CORRECTED, 49 ENRICHED, 158 NEW; with 41 errata applied the '2 corrections' figure is substantially stale",False
attributes,36,CONTRADICTED,medium,"## $EA (Schema 0x1E0, type 0xE0) ... **Versions:** v3.7+ (Win11 21H2 onward)","The $EA body (schema 0x1E0 / type 0xE0) is v3.14-Insider ONLY, not v3.7+. structure_reference.md F.2 line 1265 ('0x1E0 | 0xE0 | $EA | ... | v3.4-Insider' shown as v3.14-Insider) and the F.3 version-ga",False
attributes/ATTRIBUTE_LIST.md,9,UNSUPPORTED,medium,**Evidence Level:** E2,"The $ATTRIBUTE_LIST (type 0x20) code is NTFS-convention only and has NOT been confirmed in decompiled code; its sole evidence is a bare binary string = E1, not decompiled/E2. Source: refs_essentials.m",False
attributes/ATTRIBUTE_LIST.md,7,UNSUPPORTED,medium,Lists all attributes associated with a file when they span multiple records.,"This is the NTFS meaning of $ATTRIBUTE_LIST asserted as a ReFS fact, but it is unconfirmed for ReFS. refs_essentials.md evidence note: type 0x20/$ATTRIBUTE_LIST 'follow[s] the NTFS numbering conventio",False
attributes/BITMAP.md,18,CONTRADICTED,medium,used_count (u16) | = popcount for **Medium** rows (header_size 0x218) only; differs on Small/Container,"used_count = popcount(bitmap) holds universally on ALL tested rows (100% match), with no tier restriction. Source: the doc's OWN cited report report_container_and_allocator_tables.md lines 219/226 ('u",False
attributes/CBW4.md,36,CONTRADICTED,medium,There is **no leading padding**. The value is a 12-byte ReFS wrapper followed by the standard Windows `$EFS` metadata stream,"The $EFS value DOES begin with a 4-byte field at value+0x00 (padding/data-area, =0); data-area-size sits at value+0x04, content-offset (0x0C) at value+0x08, and the metadata-length repeat at value+0x0",False
attributes/CBW4.md,42,INCONSISTENT,medium,"Wrapper (12 bytes): 0x00 Data area size (u32) 664; 0x04 Content offset 0x0C; 0x08 Content size 664; 0x0C Reserved 0 (""There is no leading padding"")","Contradicts sibling EFS.md (same attribute), which gives 0x00 Padding(0), 0x04 Data-area-size(0x298), 0x08 Content-offset(0x0C), content at 0x0C — matching the common 12-byte sub-record header in conc",False
attributes/DATA.md,95,OUTDATED,medium,[$STANDARD_INFORMATION](STANDARD_INFORMATION.md) -- DataSize at $SI+0x38 mirrors file_size,"Finding #325(a) strengthened this: $SI+0x38 DataSize == $DATA sub-record allocated_size (val+0x18) in 36/36 resident files, including 4 discriminating cases (desktop.ini=129) where DataSize=129 = allo",True
attributes/DATA.md,37,OUTDATED,medium,Allocated size (u64) | File size rounded up to 8-byte alignment,"allocated_size is NOT always 8-byte-aligned: the discriminating case desktop.ini has allocated=129 (raw file size), not align8(129)=136. Read it from val+0x18, do not compute align8(file_size). Source",True
attributes/DATA.md,48,OUTDATED,medium,`allocated_size = (file_size + 7) & ~7` (8-byte aligned),"This align8(file_size) formula is REFUTED. allocated_size (val+0x18) equals the raw stored value, which is NOT always 8-aligned (desktop.ini=129, not 136). 36/36 resident files confirm allocated = sto",True
attributes/DATA.md,44,INCONSISTENT,low,Minimum value size: 60 bytes (0x3C) for an empty file. Maximum observed: 320 bytes (280-byte file content).,"Violates the doc's own formula value_length = 0x3C + allocated_size (line 49): a 280-byte file gives 60+280 = 340 bytes, not 320; conversely a 320-byte value implies 260 bytes of content. Source: DATA",True
attributes/EA_INFORMATION.md,36,CONTRADICTED,medium,"## $EA (Schema 0x1E0, type 0xE0) ... **Versions:** v3.7+ (Win11 21H2 onward)","$EA (schema 0x1E0 / type 0xE0) is v3.14-Insider, NOT v3.7+. structure_reference.md F.2 line 1265 ('0x1E0 | 0xE0 | $EA | v3.14-Insider | CONFIRMED') and the F.3 gating matrix line 1281 (Y only for v3.1",False
attributes/EA_INFORMATION.md,42,CONTRADICTED,low,"The v3.14 driver added the EA handling in `Ea.c`. EA functions are absent from the v3.4 (Win10 1803) driver, confirming EA support is a later addition (docs dat",For the $EA body specifically the parenthetical 'docs date it v3.7+' is wrong: the $EA body (0xE0) is v3.14+ (finding #172; structure_reference.md line 1265). v3.7 dates only the $EA_INFORMATION index,False
attributes/EA_INFORMATION.md,36,CONTRADICTED,medium,"## $EA (Schema 0x1E0, type 0xE0) **Versions:** v3.7+ (Win11 21H2 onward)","$EA body (type 0xE0, schema 0x1E0) is v3.14+, NOT v3.7+. structure_reference.md F.2 line 1265 and F.3 line 1281 list 0x1E0 present only on v3.14/Insider; finding #172 states 'Attribute schema 0x1E0 (e",False
attributes/EA_INFORMATION.md,36,CONTRADICTED,medium,"## $EA (Schema 0x1E0, type 0xE0) — **Versions:** v3.7+ (Win11 21H2 onward)","$EA (schema 0x1E0 / type 0xE0) is v3.14+ only, not v3.7+. structure_reference F.2 (line 1265: '0x1E0 | 0xE0 | $EA | v3.14-Insider') and F.3 matrix (line 1281: 0x1E0 present only v3.14/Insider). The do",False
attributes/EXTEND.md,9,UNSUPPORTED,medium,**Evidence Level:** E2,"No decompiled (E2) evidence establishes $EXTEND as an attribute. The only artifact is the string literal $EXTEND$REPARSE (E1 string, string_catalog.csv). There is no F.2 type code, no finding, and no ",False
attributes/EXTEND.md,5,UNSUPPORTED,low,**Versions:** v3.4+ (all versions),"Version coverage cannot be asserted for a non-existent attribute. The $EXTEND$REPARSE string is present in both refs_win10 (v3.4) and refs_win11 (v3.14) binaries, but that is a path/reparse string fra",False
attributes/I30.md,9,CONTRADICTED,medium,"in ReFS, it names the [$INDEX_ROOT](INDEX_ROOT.md) sub-record (type 0x90) that configures the directory B+-tree.","The type-0x90 sub-record that configures the directory B+-tree is $I30_INDEX, not $INDEX_ROOT. structure_reference.md line 544 + finding #278/#303 name type 0x90 = $I30_INDEX; $INDEX_ROOT = type 0xA0/",True
attributes/INDEX_ALLOCATION.md,7,INCONSISTENT,low,Non-resident index allocation for B+-tree nodes. Type code 0xA0 confirmed via code analysis. RefsCheckValidAttributeAccess uses 0xa0 as the index allocation typ,"The master schema table names type 0xA0 / schema 0x1A0 = $INDEX_ROOT (Extended Attributes index), not $INDEX_ALLOCATION (structure_reference.md line 1261; findings_register #169). The sibling concepts",False
attributes/INDEX_ALLOCATION.md,7,INCONSISTENT,low,Type code 0xA0 confirmed via code analysis. RefsCheckValidAttributeAccess uses 0xa0 as the index allocation type with special $I30 name checking.,"Type code 0xA0 is correct, but ground truth names embedded type 0xA0 / schema 0x1A0 as '$INDEX_ROOT' (structure_reference F.2 line 1261; findings_register #169), not '$INDEX_ALLOCATION'. So this doc a",False
attributes/INDEX_ALLOCATION.md,7,UNSUPPORTED,medium,Non-resident index allocation for B+-tree nodes.,No reference/finding establishes type 0xA0 carrying non-resident B+-tree node allocation runs on disk. ReFS directory indexing moved to directory tables; the type-0xA0 index attribute 'appears unused',False
attributes/INDEX_ALLOCATION.md,7,CONTRADICTED,medium,RefsCheckValidAttributeAccess uses 0xa0 as the index allocation type with special $I30 name checking.,"RefsCheckValidAttributeAccess associates the index/$I30 name with the $INDEX_ROOT attribute, not '$INDEX_ALLOCATION'. reference_table.csv MD_ATTR_RA_015 (CONFIRMED): 'RefsCheckValidAttributeAccess con",False
attributes/INDEX_ALLOCATION.md,3,CONTRADICTED,medium,**Attribute Name:** $INDEX_ALLOCATION,"Type code 0xA0 is named $INDEX_ROOT in the master reference (structure_reference.md F.2 line 1261: '0xA0 | $INDEX_ROOT | Extended attributes index'), the attributes concept doc (line 86: '0xA0 | $INDE",False
attributes/INDEX_ALLOCATION.md,7,INCONSISTENT,low,**Description:** Non-resident index allocation for B+-tree nodes. Type code 0xA0 confirmed via code analysis.,"Per attributes concept doc line 86 and finding #303, type 0xA0 is the directory index attribute 'handled at OID/create time by RefsCheckValidAttributeAccess; never stored as a file sub-record' — it is",False
attributes/INDEX_ROOT.md,3,CONTRADICTED,medium,# $INDEX_ROOT ($I30_INDEX) ... **Schema:** 0x190 (embedded type 0x90),"The type-0x90 directory-index config sub-record is $I30_INDEX, NOT $INDEX_ROOT. Per structure_reference.md F.2: schema 0x190/type 0x90 = $STANDARD_INFORMATION (CONFIRMED, line 1260); $INDEX_ROOT = sch",True
attributes/INDEX_ROOT.md,11,INCONSISTENT,low,"Every directory-bearing object ... has exactly one type 0x90 sub-record in its type 0x10 value, containing static parameters for the directory entry B+-tree.","The substance (type 0x90, $I30 directory template) is correct, but the doc titles/labels this attribute '$INDEX_ROOT' while structure_reference.md and finding #278 name the type-0x90 directory templat",True
attributes/INDEX_ROOT.md,1,INCONSISTENT,low,# $INDEX_ROOT ($I30_INDEX) ... **Schema:** 0x190 (embedded type 0x90),Type 0x90 / schema 0x190 is named $I30_INDEX (or $STANDARD_INFORMATION embedded) by the sibling docs and reference; '$INDEX_ROOT' is reserved for type 0xA0 / schema 0x1A0. concepts/attributes.md line ,True
attributes/INDEX_ROOT.md,1,INCONSISTENT,medium,# $INDEX_ROOT ($I30_INDEX) ... Every directory-bearing object ... has exactly one type 0x90 sub-record,"Ground truth reserves the name $INDEX_ROOT for the type 0xA0 / schema 0x1A0 Extended-Attributes directory index ('appears unused'), a DIFFERENT attribute from the embedded type-0x90 $I30_INDEX this do",True
attributes/INDEX_ROOT.md,3,INCONSISTENT,low,**Schema:** 0x190 (embedded type 0x90),"In the F.2 master schema table, schema 0x190 / type 0x90 = $STANDARD_INFORMATION (structure_reference.md line 1260), and this exact label is also used verbatim by STANDARD_INFORMATION.md line 5. The t",True
attributes/INDEX_ROOT.md,76,CONTRADICTED,low,"26,669 sub-records on winsider.raw alone, all byte-identical","The validated Insider census (finding MD_ATTR_RA_017 / batch2_claims.csv line 63) reports type 0x90 = 26668 sub-records across 26668 OIDs on winsider.raw, not 26,669.",True
attributes/INDEX_ROOT.md,3,INCONSISTENT,low,$INDEX_ROOT ($I30_INDEX) — **Schema:** 0x190 (embedded type 0x90),"structure_reference F.2 assigns schema 0x190/type 0x90 to $STANDARD_INFORMATION and $INDEX_ROOT to schema 0x1A0/type 0xA0 (line 1261; finding #169). STANDARD_INFORMATION.md also claims 0x190/0x90, so ",True
attributes/NAMED_DATA.md,7,INCONSISTENT,low,"**Evidence Level:** E2 (decompilation) + RD (raw disk, 958 entries across 46 images)",Authoritative ADS count is 956 across 46 images (findings_register #285; reference_table MD_SNAP_RA_005); glossary.md line 105 states 956. The 958 figure (repeated at line 77) diverges from ground tru,False
attributes/NAMED_DATA.md,77,INCONSISTENT,low,"| Total ADS entries (SS flags = 0), v3.14 | 958 |",956 per findings_register #285 / reference_table MD_SNAP_RA_005 and glossary.md.,False
attributes/NAMED_DATA.md,7,INCONSISTENT,low,"Evidence Level: E2 (decompilation) + RD (raw disk, 958 entries across 46 images)",Authoritative ADS census is 956 ADS (+29 snapshots = 985 total) per findings_register #285; the sibling glossary.md:105 also states '956 ADS observed across 46 images'. This doc (and SNAPSHOT.md:89/11,False
attributes/NAMED_DATA.md,77,INCONSISTENT,low,"Total ADS entries (SS flags = 0), v3.14 | 958 (also line 7: 'raw disk, 958 entries across 46 images')",Authoritative ADS census is 956 (findings_register #285: '956 ADS + 29 snapshots across 111 images'). The doc's 958/46-images differs from ground truth and from the glossary's 956.,False
attributes/NAMED_DATA.md,7,UNSUPPORTED,low,"RD (raw disk, 958 entries across 46 images)",The verified ADS scan is 956 ADS across 46 images (MD_SNAP_RA_005); corpus-wide total is 985 entries / 111 images = 956 ADS + 29 snapshots (findings #284/#285). No reference records 958 entries.,False
attributes/NAMED_DATA.md,21,UNSUPPORTED,low,Both methods agree perfectly across 987 (v3.14) / 1001 (all) entries / 111 images (E2+RD).,Verified dual-discriminator agreement is across 985 entries / 111 images (#284 'agree perfectly across 985 entries / 111 images'; #285 '985 entries total = 956 ADS + 29 snapshots'). 987/1001 appear in,False
attributes/NAMED_DATA.md,77,CONTRADICTED,medium,"Total ADS entries (SS flags = 0), v3.14 | 958","Verified ADS total across the FULL corpus (all versions, 111 images) is 956 (findings #285, MD_SNAP_RA_005). A v3.14-only count of 958 exceeds the corpus-wide 956, so it cannot be correct.",False
attributes/NAMED_DATA.md,79,INCONSISTENT,low,"ADS entries, v3.4 / v3.7 | 13 / 1","958 (v3.14) + 13 (v3.4) + 1 (v3.7) = 972 ADS, but the verified corpus-wide ADS total is 956 (#285). The per-version breakdown sums to more ADS than the confirmed corpus total.",False
attributes/OBJECT_ID.md,5,UNSUPPORTED,low,**Versions:** v3.4+ (all versions),"Ground truth documents $OBJECT_ID as a Win10/Win11 (""Both"") attribute only: how_refs_works.md attribute table row #17 marks Win10 and Win11 present, and insider_analysis.md line 212 explicitly lists $",False
attributes/OBJ_LINK.md,63,CONTRADICTED,low,| 0x04 | 4 | Data area size (u32) | Value length minus 16 |,"The canonical 12-byte common sub-record value header (Subtable C.2c, structure_reference.md line 634) defines Data area size = 'Value length minus 12', not minus 16. A 12-byte header (finding #280: 'u",False
attributes/OBJ_LINK.md,64,UNSUPPORTED,low,| 0x08 | 2 | Constant (u16) | 0x0C | | 0x0A | 2 | Version (u16) | 0x0001 |,Subtable C.2c (structure_reference.md line 635) defines the field at header offset 0x08 as a single 4-byte u32 'Content offset = always 0x0C'. The split into a u16 constant 0x0C plus a separate u16 'V,False
attributes/OBJ_LINK.md,63,CONTRADICTED,medium,| 0x08 | 2 | Constant (u16) | 0x0C | 0x0C |,"Per the common 12-byte header (structure_reference.md C.2c, line 635), offset 0x08 is a 4-byte u32 'Content offset' = 0x0000000C, not a 2-byte u16. Declaring it u16 here is what forces the spurious 'V",False
attributes/OBJ_LINK.md,64,UNSUPPORTED,medium,| 0x0A | 2 | Version (u16) | 0x0001 | 0x0001 |,"No 'Version' field exists in the common sub-record header. Bytes 0x08-0x0B are a single u32 content-offset = 0x0000000C (structure_reference.md C.2c), so 0x0A-0x0B = 0x0000, not 0x0001. No reference/f",False
attributes/OBJ_LINK.md,64,UNSUPPORTED,low,| 0x08 | 2 | Constant (u16) | 0x0C | ... | 0x0A | 2 | Version (u16) | 0x0001 |,"The master common sub-record header (structure_reference.md C.2c L634-636) treats offsets 0x08-0x0B as a single u32 'Content offset' = 0x0000000C, which makes bytes at 0x0A-0x0B equal 0x0000. No refer",False
attributes/REPARSE.md,13,UNSUPPORTED,low,"The reparse index is a system table (OID 0x540/0x541) with key type 0x01, containing 666 entries on a typical v3.14 image.",No reference supports a 666-entry count. The authoritative decode (finding #317) gives per-image counts of 344 (win11refs2tspecials) and 109 (winsider) — 0x540/0x541 being byte-identical mirrors. The ,False
attributes/REPARSE_POINT.md,63,INCONSISTENT,low,"| Type 0x10 sub-records | 47 | File's own OID row (SYMLINK 39, MOUNT_POINT 47 — see note) |","The count column does not reconcile with its own breakdown: Type 0x10 '47' total but lists SYMLINK 39 + MOUNT_POINT 47 = 86; and Type 0x30 '2,037' (line 62) lists 1,968+28+2 = 1,998. Only the per-tag ",False
attributes/REPARSE_POINT.md,62,INCONSISTENT,medium,"| Type 0x30 sub-records | 2,037 | Resident directory entry values (SYMLINK 1,968, APPEXECLINK 28, LX_FIFO 2, MOUNT_POINT 0) |","The type-0x30 breakdown sums to 1,968+28+2 = 1,998, not the stated Count of 2,037 (off by exactly the 39 type-0x10 symlinks that were mis-assigned). Consistent total only with type-0x30=1,998, type-0x",False
attributes/REPARSE_POINT.md,5,CONTRADICTED,medium,**Schema:** 0x1C0 (embedded type 0xC0) / **Versions:** v3.4+ (all versions),"The embedded type-0xC0 / schema-0x1C0 reparse attribute is the v3.7+ ('v2') format, NOT v3.4+. structure_reference.md F.2 line 1263 ('0x1C0 | 0xC0 | $REPARSE_POINT (v2) | ... | v3.7-Insider') and F.3 ",False
attributes/REPARSE_POINT.md,63,INCONSISTENT,low,"Type 0x10 sub-records | 47 | File's own OID row (SYMLINK 39, MOUNT_POINT 47 — see note)","Internal arithmetic conflict: the type-0x10 row gives a total of 47, but the per-tag split immediately below (line 65) states SYMLINK type-0x10 = 39 and MOUNT_POINT = 47 (all type-0x10), which sum to ",False
attributes/SNAPSHOT.md,89,INCONSISTENT,low,| 0x0000 | ADS (alternate data stream) | 958 entries across 46 images |,Ground-truth register gives 956 ADS across 46 images. Source: findings_register #285 ('956 ADS + 29 snapshots') and reference_table MD_SNAP_RA_005 ('956 ADS across 46 images'); sibling doc glossary.md,False
attributes/SNAPSHOT.md,111,INCONSISTENT,low,"| ADS entries (val[0x10]=0), v3.14 | 958 |",Authoritative count is 956 (findings_register #285; reference_table MD_SNAP_RA_005). glossary.md line 105 agrees with 956.,False
attributes/SNAPSHOT.md,123,UNSUPPORTED,low,[$STANDARD_INFORMATION](STANDARD_INFORMATION.md) -- snapshot fields at v3.14 $SI offset 0x58+,"$SI does not store snapshot fields. Per structure_reference.md C.7, v3.14 $SI+0x58 = NextFileId (a directory child-creation ordinal, E28) and $SI+0x74 = NextStreamSetId (E39); neither is a 'snapshot f",False
attributes/SNAPSHOT.md,89,INCONSISTENT,low,0x0000 | ADS (alternate data stream) | 958 entries across 46 images,findings_register #285 (authoritative): 985 entries total = 956 ADS + 29 snapshots; glossary.md:105 states 956 ADS. The 958 (v3.14)/987(v3.14 total)/1001(all) figures here conflict with that 956/985 c,False
attributes/STANDARD_INFORMATION.md,29,OUTDATED,low,"0x38 | DataSize | **allocated** size (8-byte-aligned, = `$DATA` sub-record val+0x18) -- *not* logical; exact logical bytes = val+0x20 (refines E26)","Correct that DataSize = $DATA allocated_size (val+0x18), but finding #325(a) explicitly says to DROP the '(8-byte-aligned)' parenthetical: allocated_size is NOT always 8-aligned (desktop.ini = 129 raw",True
attributes/STANDARD_INFORMATION.md,35,CONTRADICTED,low,| 0x74 | NextStreamSetId | per-file stream-set allocator (base 0xF000); v3.14 only |,"NextStreamSetId ($SI+0x74) is classified v3.7+, not 'v3.14 only': structure_reference.md C.7 line 872 ('Stream-set ID allocator (base 0xF000), v3.7+'), errata E39, and finding #301 all date it v3.7+ (",True
attributes/STANDARD_INFORMATION.md,29,OUTDATED,low,"0x38 | **DataSize** | **allocated** size (8-byte-aligned, = `$DATA` sub-record val+0x18) — *not* logical","The 'allocated size = val+0x18' definition is correct (finding #314, refining E26). But the '(8-byte-aligned)' qualifier is outdated: finding #325(a) verified DataSize == $DATA allocated_size in 36/36",True
attributes/VOLUME_INFORMATION.md,31,UNSUPPORTED,low,| 0x98 | 8 | Secondary FILETIME slot | Propagated to VCB+0x208/0x210; 0 on all sampled volumes |,"The 'Propagated to VCB+0x208/0x210' detail has no backing in structure_reference (Subtable F.4b documents only +0x80/+0x81/+0x82/+0x83/+0x90/+0xA0 of the 0x520 blob), errata, or findings #181/#306/#31",False
attributes/VOLUME_INFORMATION.md,34,UNSUPPORTED,medium,"A merely-mounted (not upgraded) v3.4 volume under Win11 shows **vol=3.4, drv=3.14**.",No corpus image exhibits a mounted-but-not-upgraded vol=3.4/drv=3.14 state. deep_volume_info.md verdict: mounting an older volume under Win11/Insider triggers automatic format upgrade (VBR+VOL both ad,False
concepts/architecture.md,105,CONTRADICTED,medium,If encrypted: EfsEncryptStream,"The encryption function is RefsEncryptStream; 'EfsEncryptStream' does not exist in the binary (errata E35; function_catalog has RefsEncryptStream in refs_win11/insider, none named EfsEncryptStream). S",True
concepts/architecture.md,121,CONTRADICTED,medium,"`RefsCommonWrite` 24%, reflecting new rename- and write-time handling of snapshots, encryption, and compression.",RefsCommonWrite did not grow ~24% win10->win11; it SHRANK ~11% (14068 -> 12543 bytes per function_catalog.csv). No source supports the +24% figure,True
concepts/architecture.md,121,UNSUPPORTED,medium,`RefsCommonSetInformation` grew 71% ... reflecting new rename- and write-time handling of snapshots,"RefsCommonSetInformation grew ~15% win10->win11 (4365 -> 5039 bytes per function_catalog.csv), not 71%; the 71% figure has no backing in the verified reference/intelligence material",True
concepts/architecture.md,117,INCONSISTENT,low,Checksum consolidation: 96 CRC template specializations plus CmsChecksumNone consolidated into a single polymorphic CmsChecksum class,Master reference says 56 per-page-type checksum templates (structure_reference.md L1408; reference_table.csv GN_ARCH_004/GN_MISC_008). Only findings_register #14 says 96 -- ground truth disagrees with,True
concepts/architecture.md,105,OUTDATED,medium,│ └─ If encrypted: EfsEncryptStream,"The EFS encrypt function is RefsEncryptStream, not 'EfsEncryptStream'. errata E35.",True
concepts/attributes.md,64,INCONSISTENT,low,"$STANDARD_INFORMATION | 0x10 | 0x90 | 0x110/0x190 | Timestamps, flags, security ID","Embedded type 0x90 = $I30_INDEX (schema 0x190), per #278/#303 and the doc's own line 74. $SI is not an embedded 0x90 sub-record (it occupies the type-0x10 value body, schema 0x110); the 0x90/0x190 ass",False
concepts/bootstrap_chain.md,48,CONTRADICTED,medium,Self-descriptor with CRC32-C (verified on mount) [CHKP],"The CHKP self-checksum is an 8-byte CRC64 (not CRC32-C), verified at mount via ChooseCheckpointRecord @217054 (finding #332; structure_reference.md A.4 line 151).",True
concepts/bootstrap_chain.md,33,INCONSISTENT,low,**Cluster size** (offset 0x24): needed to convert LCNs to byte offsets,"VBR offset 0x24 (u32) is 'Sectors per cluster' (8 for 4 KiB, 128 for 64 KiB), NOT cluster size. Cluster size is a derived value = bytes_per_sector (0x20) x sectors_per_cluster (0x24). structure_refere",True
concepts/bootstrap_chain.md,48,CONTRADICTED,medium,Self-descriptor with CRC32-C (verified on mount),"CHKP self-checksum is an 8-byte CRC64, not CRC32-C (verified at mount is correct). structure_reference.md §A.4 ('8-byte CRC64 self-checksum verified at mount', ChooseCheckpointRecord @217054); finding",True
concepts/bootstrap_chain.md,33,INCONSISTENT,low,Cluster size (offset 0x24): needed to convert LCNs to byte offsets,"VBR offset 0x24 is 'Sectors per cluster' (u32 = 8 for 4 KiB or 128 for 64 KiB), NOT the cluster size in bytes. Cluster size is derived = bytes_per_sector (0x20) x sectors_per_cluster (0x24). structure",True
concepts/bootstrap_chain.md,75,INCONSISTENT,low,It is the only table that can be read without translation (roots 7/8 use physical LCNs).,"Not the only one: root 12 (Small Allocator, Table ID 0x22) also uses Real (physical) LCNs and reads directly without translation. structure_reference.md A.4b lines 213/215; the same doc states this on",True
concepts/bootstrap_chain.md,47,OUTDATED,medium,Self-descriptor with CRC32-C (verified on mount) [for CHKP],"CHKP self-descriptor is an 8-byte CRC64 (verified at mount), not CRC32-C. finding #332 / structure_reference L151.",True
concepts/checksum_architecture.md,13,CONTRADICTED,medium,"SUPB └─ CRC32-C self-descriptor (structural only, not verified on mount)",SUPB self-checksum is 8-byte CRC64 and is verified on mount (finding #332; structure_reference.md A.3).,True
concepts/checksum_architecture.md,31,CONTRADICTED,medium,SUPB | CRC32-C (self-descriptor) ... CHKP | CRC32-C (self-descriptor),"Both SUPB and CHKP self-descriptors use an 8-byte CRC64 self-checksum, not CRC32-C (finding #332; structure_reference.md A.3/A.4 lines 133-156).",True
concepts/checksum_architecture.md,14,OUTDATED,medium,"SUPB -> CRC32-C self-descriptor (structural only, not verified on mount)","SUPB self-descriptor is an 8-byte CRC64 that IS verified at mount, not an unverified CRC32-C (structure_reference A.3 / finding #332)",True
concepts/checksum_architecture.md,152,OUTDATED,medium,"The repair uses cached state, confirming no independent checksum enforcement.",The SUPB byte WAS repaired precisely because its 8-byte CRC64 self-checksum failed validation and the copy was healed from a valid one; there IS self-checksum enforcement (finding #332),True
concepts/checksum_architecture.md,31,CONTRADICTED,medium,| SUPB | CRC32-C (self-descriptor) | Superblock structural integrity |,"SUPB self-descriptor algorithm is 8-byte CRC64, not CRC32-C. finding #332; structure_reference.md line 133",True
concepts/checksum_architecture.md,32,CONTRADICTED,medium,| CHKP | CRC32-C (self-descriptor) | Checkpoint self-integrity; this is the Merkle root |,"CHKP self-descriptor algorithm is 8-byte CRC64, not CRC32-C. finding #332; structure_reference.md line 151",True
concepts/checksum_architecture.md,91,CONTRADICTED,medium,[SHA-256] Available as a format-time option from the Insider build onward (VBR 0x2A = 0x04).,"SHA-256 is a format-time option on regular Win11 24H2 v3.14 (non-Insider). image_feature_matrix.csv: win11refs2g_sha256checksums & win11refs2t64ksha256checksums are v3.14, is_sha256=True, is_insider=F",True
concepts/checksum_architecture.md,35,OUTDATED,medium,"Because it has no parent to store its checksum, it uses a CRC32-C self-descriptor instead of the CRC64 used for all child pages.","CHKP self-descriptor is an 8-byte CRC64 (distinct from the per-page page-reference CRC64), not CRC32-C. finding #332 / structure_reference L151.",True
concepts/checksum_architecture.md,83,CONTRADICTED,medium,CRC32-C (Castagnoli) Used exclusively for self-descriptors in the checkpoint (CHKP) and superblock (SUPB).,"SUPB/CHKP self-descriptors use an 8-byte CRC64, not CRC32-C. CRC32-C is only the optional per-block integrity-stream data checksum. finding #332.",True
concepts/checksum_architecture.md,91,CONTRADICTED,medium,SHA-256 ... Available as a format-time option from the Insider build onward (VBR 0x2A = 0x04).,"SHA-256 is available on v3.14 (Win11 24H2), not Insider-only: two v3.14 corpus images formatted with SHA-256 (win11refs2g_sha256checksums, win11refs2t64ksha256checksums, both is_insider=False). image_",True
concepts/checksum_architecture.md,35,CONTRADICTED,medium,it uses a CRC32-C self-descriptor instead of the CRC64 used for all child pages,"The checkpoint self-descriptor is ALSO an 8-byte CRC64 (distinct from per-page page-ref CRC64), not CRC32-C. finding #332 (E2).",True
concepts/checksum_architecture.md,91,OUTDATED,medium,SHA-256: Available as a format-time option from the Insider build onward (VBR 0x2A = 0x04).,"SHA-256 is a v3.14/24H2 format option, not Insider-only: image_feature_matrix has non-Insider v3.14 SHA-256 images (win11refs2g_sha256checksums); errata 'NOT Insider-specific' (errata l.376).",True
concepts/compression.md,64,CONTRADICTED,low,"| 0xA6 | i16 | level | signed (e.g. 9 LZ4, -1 ZSTD default) |","ZSTD default level = 3, not -1. CmsCompressionZSTD::GetDefaultCompressionLevel @276779 returns 3 (decomp win11_4b0558f6); doc's own table line 86 also says ZSTD default=3.",False
concepts/compression.md,79,INCONSISTENT,low,beyond the standard MSB+ page header (which ends at `0x70`),"Master structure_reference.md A.2 defines the Common Metadata Page Header as 80 bytes = 0x50 (fields end at 0x48+8=0x50), not 0x70. The compression policy at 0xA0 is beyond either boundary, so the loa",False
concepts/copy_on_write.md,89,OUTDATED,low,[Deletion Recovery](deletion_recovery.md) -- three methods to recover deleted data,"deletion_recovery.md documents five recovery methods (Methods 1-5; Method 5 slack recovery = finding #334), not three. Stale cross-reference count.",False
concepts/deletion_recovery.md,3,INCONSISTENT,low,ReFS provides four methods for recovering deleted or prior-version files,The doc itself lists FIVE numbered methods (Method 1-5); Method 5 = B+-tree Node Slack Recovery (finding #334). The intro count 'four' is stale and contradicts the body.,True
concepts/findings.md,76,OUTDATED,low,"Checkpoint flags | CHKP + 0x78 | Feature-activation register: 0x002 (original v3.4), 0x602 (upgraded), 0x682 (native v3.14)","CHKP+0x78 has more states than these three: also 0x082 (v3.10), 0x7b2 (dedup), 0x2602/0x2682 (Insider). The 3-value model is oversimplified (finding #339; CONTESTED FS_CHKP_RA_013). Low bits discrimin",False
concepts/findings.md,178,OUTDATED,low,[Deletion Recovery](deletion_recovery.md) -- three recovery methods,"deletion_recovery.md documents five recovery methods (Methods 1-5; Method 5 = finding #334), not three. Stale cross-reference count.",False
concepts/findings.md,73,OUTDATED,low,"VBR checksum-algorithm selector | 0x2A | 0x0000 = None (CRC32-C only), 0x0002 = CRC64, 0x0004 = SHA-256","The '(CRC32-C only)' note for 0x2A=0x0000 is misleading: SUPB/CHKP self-descriptors are CRC64, not CRC32-C; subtable A.1b labels 0x0000 simply 'None'. finding #332; structure_reference.md L51, L133.",False
concepts/findings.md,104,OUTDATED,medium,MLog Control Page ... Approximately 124 bytes remain undecoded across five gap regions.,B1 is closed (finding #329): the '~124 undecoded bytes in 5 gaps' are NOT hidden structure - they are zero gaps between fixed descriptors plus a zero tail (~93% of the 0xE48 area is zero on every imag,False
concepts/standard_information.md,19,OUTDATED,medium,DataSize (u64) | The $DATA stream's allocated size (8-byte-aligned) ... otherwise it is align8(content),DataSize = $DATA sub-record allocated_size (val+0x18) but NOT 8-byte-aligned: desktop.ini case allocated=129 != align8(logical)=136; drop the '(8-byte-aligned)' and align8(content) framing (finding #3,True
concepts/standard_information.md,19,OUTDATED,medium,The $DATA stream's allocated size (8-byte-aligned) ... otherwise it is align8(content),DataSize ($SI+0x38) = $DATA sub-record allocated_size (val+0x18) but is NOT always 8-byte-aligned; desktop.ini=129 (raw) refutes align8(logical). Drop the '(8-byte-aligned)' parenthetical (finding #32,True
concepts/standard_information.md,19,OUTDATED,medium,DataSize ($SI+0x38): The $DATA stream's allocated size (8-byte-aligned) ... otherwise it is align8(content),"DataSize = $DATA allocated_size (val+0x18) but it is NOT always 8-byte-aligned: desktop.ini allocated=129 != align8(logical)=136, DataSize=129 confirms allocated, REFUTES align8(logical). Drop the '(8",True
concepts/standard_information.md,19,CONTRADICTED,medium,0x38 | DataSize | The $DATA stream's allocated size (8-byte-aligned) ... otherwise it is align8(content),"DataSize ($SI+0x38) = $DATA allocated_size (val+0x18), which is NOT always 8-byte-aligned; discriminating case desktop.ini allocated=129 (raw), not align8(129)=136. Drop the '(8-byte-aligned)'/align8 ",True
concepts/standard_information.md,19,CONTRADICTED,medium,DataSize (u64) | The $DATA stream's **allocated size (8-byte-aligned)** ... otherwise it is `align8(content)`,"DataSize ($SI+0x38) = $DATA sub-record allocated_size (val+0x18), which is NOT always 8-byte-aligned and is NOT align8(content): the desktop.ini discriminating case has allocated=129 (raw), refuting a",True
concepts/standard_information.md,19,CONTRADICTED,medium,"0x38 | DataSize (u64) | The $DATA stream's allocated size (8-byte-aligned), NOT the logical file size.",DataSize = $DATA allocated_size (val+0x18) but is NOT 8-byte-aligned: desktop.ini allocated=129 != align8(129)=136 (finding #325 / errata E26). Sibling docs DATA.md L37/L48 and attributes/STANDARD_INF,True
concepts/standard_information.md,19,CONTRADICTED,medium,It equals the logical file size only when the content length is already a multiple of 8; otherwise it is align8(content),"align8(content) is explicitly REFUTED by #325: the discriminating desktop.ini case has allocated_size=129 (raw, unaligned) != align8(content)=136. allocated_size can equal the unaligned logical size; ",True
concepts/standard_information.md,19,OUTDATED,medium,DataSize ... allocated size (8-byte-aligned) ... otherwise it is align8(content),DataSize = $DATA allocated_size (val+0x18) but is NOT always 8-byte-aligned (desktop.ini=129 raw refutes align8=136); drop the align8 framing. finding #325; structure_reference.md L844.,True
concepts/standard_information.md,19,OUTDATED,medium,DataSize: The $DATA stream's allocated size (8-byte-aligned) ... otherwise it is align8(content),"DataSize == $DATA sub-record allocated_size (val+0x18), which is NOT always 8-byte-aligned and is NOT align8(logical): the 129B desktop.ini cases give DataSize=129 (raw), refuting align8. Drop the '(8",True
concepts/standard_information.md,19,OUTDATED,medium,DataSize ... The $DATA stream's **allocated size (8-byte-aligned)** ... otherwise it is `align8(content)`,"DataSize = $DATA allocated_size (val+0x18); allocated_size is NOT always 8-byte-aligned (desktop.ini=129 raw, not align8=136, refutes align8(logical)). Drop the '(8-byte-aligned)' parenthetical (findi",True
concepts/version_detection.md,7,OUTDATED,medium,"ReFS volumes exist in one of three states, distinguishable from the CHKP flags: 0x0002 / 0x0602 / 0x0682","The CHKP+0x78 flags field is not an exact 3-value enum {0x002,0x602,0x682}: also observed 0x082 (v3.10 native), 0x7b2 (dedup/compression), 0x2602/0x2682 (Insider). Only the low state bits discriminate",True
glossary.md,71,OUTDATED,medium,CRC32-C: Used only for the checkpoint's self-descriptor (the checkpoint is the Merkle root and has no parent to store a CRC64).,"The checkpoint (and SUPB) self-descriptor carries an 8-byte CRC64 self-checksum verified at mount, NOT CRC32-C. Finding #332 + structure_reference A.3/A.4 explicitly supersede the earlier 'uses CRC32-",True
glossary.md,105,INCONSISTENT,low,"956 ADS observed across 46 images, all inline (content 7--47 bytes).","Count 956 matches finding #285, but #285 states the 956-ADS census is across 111 images, not 46. Sibling docs (NAMED_DATA.md/SNAPSHOT.md) say 958/46, so the image count and total are inconsistent acro",True
ntfs_comparison.md,85,OUTDATED,medium,Partial substitute | -- | v3.4 Revision counter at $SI+0x58 (version-specific),"$SI+0x58 is NextFileId, a directory CHILD-CREATION ordinal, explicitly NOT a version/revision/CoW counter. The 'version counter' reading was retired. Source: errata E28; findings_register #264 (v3.4 +",True
ntfs_comparison.md,50,CONTRADICTED,medium,"ReFS 3.14 introduces background compression using LZ4/ZSTD that operates per-extent, asynchronously, and is not transparent to the file API.","24H2 compression is per-CONTAINER, NOT per-extent (no type-0x40 extent compression flag) — finding #323 / open_questions; also inconsistent with sibling compression.md line 7 ('per-container ... not p",True
structures/container_table.md,90,UNSUPPORTED,low,Root #7 (table ID 0x0B) and root #8 (table ID 0x0C) form a failover pair.,"The failover pair roots 7/8 is NOT bound to a fixed index→Table-ID order; the 2 TB win11refs2tmillionsofactions volume carries the pair swapped (root7→0x0C, root8→0x0B). The true invariant is the SET ",False
structures/page_references.md,64,OUTDATED,medium,| 0x02 | CRC64-ECMA | Standard metadata verification |,"Checksum type 0x02 is CRC64 with custom polynomial 0xAD93D23594C93659, NOT ECMA-182 (finding #326; checksum_architecture.md confirms ECMA-182 is RD-disproven)",True
structures/page_references.md,35,OUTDATED,low,| 0x22 | 1 | Checksum type (u8) | 0x02 (CRC64-ECMA) |,"Type 0x02 = CRC64 custom poly 0xAD93D23594C93659, NOT ECMA-182 (finding #326)",True
structures/page_references.md,89,OUTDATED,medium,The checkpoint uses CRC32-C (not CRC64) for its own self-descriptor.,"Checkpoint carries an 8-byte CRC64 self-checksum that IS verified at mount (LcnWithChecksum, len=8). The CRC32-C 'not validated' note is explicitly superseded. Source: finding #332; structure_referenc",True
structures/page_references.md,38,INCONSISTENT,low,"CRC64 checksum | Verified at mount from v3.14 (Format 2, 48-byte v3.10+ CRC64 page reference)","CRC64 metadata verification is 'Enabled from v3.10+', not first at v3.14; the 48-byte format itself is v3.10+. Source: structure_reference line 52 (VBR 0x2A=0x0002 CRC64-ECMA 'Enabled from v3.10+', 0x",True
structures/parent_child_table.md,3,OUTDATED,low,It records only directory-to-directory and directory-to-security-mapping relationships; regular files are not tracked in this table.,"The first row is 0x600->0x520 = root dir -> FS Metadata directory (NTFS $Extend equivalent), NOT a 'security mapping'. OID 0x520 is FS Metadata, not Security ID Mapping (errata E19; #156). The doc's o",False
structures/supb.md,8,OUTDATED,low,"Backup 1: Approximately total_clusters - 14,339 ; Backup 2: total_clusters - 14,338","SUPB has 3 copies: primary LCN 0x1E + two backups at VolSize-2 and VolSize-3 (computed from volume size, CmsVolume::ReadSuperBlock @211169) — finding #332 (E2), supersedes the older '-14,339/-14,338' ",False
structures/vbr.md,51,OUTDATED,medium,| 0x0002 | CRC64-ECMA | Enabled from v3.10+ | 0x30 (48 bytes) |,ReFS metadata CRC64 is NOT ECMA-182. It is a custom polynomial 0xAD93D23594C93659 (driver global ClMulCsCrc64); the ECMA-182 poly 0x42F0E1EBA9EA3693 is RD-disproven (finding #326). checksum_architectu,False
