ref_id,artifact,artifact_type,locus_type,locus,note
FS_VBR_001,proofs/static/parse_vbr__forefst.txt,static,function,parse_vbr,
FS_VBR_001,proofs/validation/FS_VBR_001.csv,matrix,all-rows,,
FS_VBR_002,proofs/static/parse_vbr__forefst.txt,static,function,parse_vbr,
FS_VBR_002,proofs/validation/FS_VBR_002.csv,matrix,all-rows,,
FS_VBR_003,proofs/static/parse_vbr__forefst.txt,static,function,parse_vbr,
FS_VBR_003,proofs/validation/FS_VBR_003.csv,matrix,all-rows,,
FS_VBR_004,proofs/static/parse_vbr__forefst.txt,static,function,parse_vbr,
FS_VBR_004,proofs/validation/FS_VBR_004.csv,matrix,all-rows,,
FS_VBR_007,proofs/static/parse_vbr__forefst.txt,static,function,parse_vbr,
FS_VBR_007,proofs/validation/FS_VBR_007.csv,matrix,all-rows,,
FS_VBR_008,proofs/static/parse_vbr__forefst.txt,static,function,parse_vbr,
FS_VBR_008,proofs/validation/FS_VBR_008.csv,matrix,all-rows,,
FS_VBR_011,proofs/static/parse_vbr__forefst.txt,static,function,parse_vbr,
FS_VBR_011,proofs/validation/FS_VBR_011.csv,matrix,all-rows,,
FS_SUPB_003,proofs/static/parse_supb__forefst.txt,static,function,parse_supb,
FS_SUPB_003,proofs/validation/FS_SUPB_003.csv,matrix,all-rows,,
FS_SUPB_004,proofs/static/parse_supb__forefst.txt,static,function,parse_supb,
FS_SUPB_004,proofs/validation/FS_SUPB_004.csv,matrix,all-rows,,
FS_SUPB_005,proofs/static/parse_supb__forefst.txt,static,function,parse_supb,
FS_SUPB_005,proofs/validation/FS_SUPB_005.csv,matrix,all-rows,,
FS_CHKP_002,proofs/static/parse_chkp__forefst.txt,static,function,parse_chkp,
FS_CHKP_002,proofs/validation/FS_CHKP_002.csv,matrix,all-rows,,
FS_CHKP_008,proofs/static/parse_chkp__forefst.txt,static,function,parse_chkp,
FS_CHKP_008,proofs/validation/FS_CHKP_008.csv,matrix,all-rows,,
GN_PAGE_001,proofs/static/build_object_map__forefst.txt,static,function,build_object_map,
GN_PAGE_001,proofs/validation/GN_PAGE_001.csv,matrix,all-rows,,
GN_PAGE_002,proofs/validation/GN_PAGE_002.csv,matrix,all-rows,,
CT_CTBL_002,proofs/static/_parse_ct_page__forefst.txt,static,function,_parse_ct_page,
CT_CTBL_002,proofs/validation/CT_CTBL_002.csv,matrix,all-rows,,
MD_EFS_RA_004,proofs/validation/MD_EFS_RA_004.csv,matrix,all-rows,,
MD_SI_RA_009,proofs/validation/MD_SI_RA_009.csv,matrix,all-rows,,
FS_CHKP_009,proofs/static/parse_chkp__forefst.txt,static,function,parse_chkp,
FS_CHKP_009,proofs/validation/FS_CHKP_009.csv,matrix,all-rows,,
FS_CHKP_010,proofs/static/parse_chkp__forefst.txt,static,function,parse_chkp,
FS_CHKP_010,proofs/validation/FS_CHKP_010.csv,matrix,all-rows,,
FS_CHKP_011,proofs/static/parse_chkp__forefst.txt,static,function,parse_chkp,
FS_CHKP_011,proofs/validation/FS_CHKP_011.csv,matrix,all-rows,,
FS_CHKP_012,proofs/static/parse_chkp__forefst.txt,static,function,parse_chkp,
FS_CHKP_012,proofs/validation/FS_CHKP_012.csv,matrix,all-rows,,
FS_CHKP_013,proofs/static/parse_chkp__forefst.txt,static,function,parse_chkp,
FS_CHKP_013,proofs/validation/FS_CHKP_013.csv,matrix,all-rows,,
FS_CHKP_014,proofs/static/parse_chkp__forefst.txt,static,function,parse_chkp,
FS_CHKP_014,proofs/validation/FS_CHKP_014.csv,matrix,all-rows,,
FS_CHKP_015,proofs/static/parse_chkp__forefst.txt,static,function,parse_chkp,
FS_CHKP_015,proofs/validation/FS_CHKP_015.csv,matrix,all-rows,,
FS_CHKP_016,proofs/static/parse_chkp__forefst.txt,static,function,parse_chkp,
FS_CHKP_016,proofs/validation/FS_CHKP_016.csv,matrix,all-rows,,
FS_CHKP_017,proofs/static/parse_chkp__forefst.txt,static,function,parse_chkp,
FS_CHKP_017,proofs/validation/FS_CHKP_017.csv,matrix,all-rows,,
FS_CHKP_018,proofs/static/parse_chkp__forefst.txt,static,function,parse_chkp,
FS_CHKP_018,proofs/validation/FS_CHKP_018.csv,matrix,all-rows,,
FS_CHKP_019,proofs/static/parse_chkp__forefst.txt,static,function,parse_chkp,
FS_CHKP_019,proofs/validation/FS_CHKP_019.csv,matrix,all-rows,,
FS_CHKP_020,proofs/static/parse_chkp__forefst.txt,static,function,parse_chkp,
FS_CHKP_020,proofs/validation/FS_CHKP_020.csv,matrix,all-rows,,
FS_CHKP_021,proofs/static/parse_chkp__forefst.txt,static,function,parse_chkp,
FS_CHKP_021,proofs/validation/FS_CHKP_021.csv,matrix,all-rows,,
GN_PAGE_RA_002,proofs/static/build_object_map__forefst.txt,static,function,build_object_map,
GN_PAGE_RA_002,proofs/validation/GN_PAGE_RA_002.csv,matrix,all-rows,,
GN_PAGE_003,proofs/validation/GN_PAGE_003.csv,matrix,all-rows,,
GN_PAGE_006,proofs/validation/GN_PAGE_006.csv,matrix,all-rows,,
GN_PAGE_RA_001,proofs/validation/GN_PAGE_RA_001.csv,matrix,all-rows,,
CT_CTBL_003,proofs/static/Translator__forefst.txt,static,function,Translator,
CT_CTBL_003,proofs/validation/CT_CTBL_003.csv,matrix,all-rows,,
CT_CTBL_004,proofs/static/Translator__forefst.txt,static,function,Translator,
CT_CTBL_004,proofs/validation/CT_CTBL_004.csv,matrix,all-rows,,
CT_CTBL_007,proofs/static/_parse_ct_page__forefst.txt,static,function,_parse_ct_page,
CT_CTBL_007,proofs/validation/CT_CTBL_007.csv,matrix,all-rows,,
CT_CTBL_009,proofs/static/_parse_ct_page__forefst.txt,static,function,_parse_ct_page,
CT_CTBL_009,proofs/validation/CT_CTBL_009.csv,matrix,all-rows,,
CT_CTBL_010,proofs/static/_parse_ct_page__forefst.txt,static,function,_parse_ct_page,
CT_CTBL_010,proofs/validation/CT_CTBL_010.csv,matrix,all-rows,,
CT_CTBL_RA_004,proofs/static/parse_chkp__forefst.txt,static,function,parse_chkp,
CT_CTBL_RA_004,proofs/validation/CT_CTBL_RA_004.csv,matrix,all-rows,,
CT_CTBL_RA_006,proofs/static/_parse_ct_page__forefst.txt,static,function,_parse_ct_page,
CT_CTBL_RA_006,proofs/validation/CT_CTBL_RA_006.csv,matrix,all-rows,,
GN_PREF_001,proofs/static/parse_chkp__forefst.txt,static,function,parse_chkp,
GN_PREF_001,proofs/validation/GN_PREF_001.csv,matrix,all-rows,,
GN_PREF_002,proofs/static/parse_chkp__forefst.txt,static,function,parse_chkp,
GN_PREF_002,proofs/validation/GN_PREF_002.csv,matrix,all-rows,,
GN_PREF_003,proofs/static/parse_chkp__forefst.txt,static,function,parse_chkp,
GN_PREF_003,proofs/validation/GN_PREF_003.csv,matrix,all-rows,,
FS_SUPB_001,proofs/static/parse_supb__forefst.txt,static,function,parse_supb,
FS_SUPB_001,proofs/validation/FS_SUPB_001.csv,matrix,all-rows,,
GN_PAGE_007,proofs/static/build_object_map__forefst.txt,static,function,build_object_map,
GN_PAGE_007,proofs/validation/GN_PAGE_007.csv,matrix,all-rows,,
FS_VBR_009,proofs/static/parse_vbr__forefst.txt,static,function,parse_vbr,
FS_VBR_009,proofs/validation/FS_VBR_009.csv,matrix,all-rows,,
FS_CHKP_003,proofs/static/parse_chkp__forefst.txt,static,function,parse_chkp,
FS_CHKP_003,proofs/validation/FS_CHKP_003.csv,matrix,all-rows,,
FS_VBR_012,proofs/static/parse_vbr__forefst.txt,static,function,parse_vbr,
FS_VBR_012,proofs/validation/FS_VBR_012.csv,matrix,all-rows,,
FS_VBR_006,proofs/static/parse_vbr__forefst.txt,static,function,parse_vbr,
FS_VBR_006,proofs/validation/FS_VBR_006.csv,matrix,all-rows,,
FS_VBR_010,proofs/static/parse_vbr__forefst.txt,static,function,parse_vbr,
FS_VBR_010,proofs/validation/FS_VBR_010.csv,matrix,all-rows,,
FS_VBR_005,proofs/validation/FS_VBR_005.csv,matrix,all-rows,,
FS_SUPB_002,proofs/static/parse_supb__forefst.txt,static,function,parse_supb,
FS_SUPB_002,proofs/validation/FS_SUPB_002.csv,matrix,all-rows,,
FS_SUPB_006,proofs/static/parse_supb__forefst.txt,static,function,parse_supb,
FS_SUPB_006,proofs/validation/FS_SUPB_006.csv,matrix,all-rows,,
FS_CHKP_004,proofs/static/parse_chkp__forefst.txt,static,function,parse_chkp,
FS_CHKP_004,proofs/validation/FS_CHKP_004.csv,matrix,all-rows,,
FS_CHKP_005,proofs/static/parse_chkp__forefst.txt,static,function,parse_chkp,
FS_CHKP_005,proofs/validation/FS_CHKP_005.csv,matrix,all-rows,,
FS_CHKP_006,proofs/static/parse_chkp__forefst.txt,static,function,parse_chkp,
FS_CHKP_006,proofs/validation/FS_CHKP_006.csv,matrix,all-rows,,
FS_VINF_001,proofs/static/build_object_map__forefst.txt,static,function,build_object_map,
FS_VINF_001,proofs/validation/FS_VINF_001.csv,matrix,all-rows,,
FS_VINF_002,proofs/static/build_object_map__forefst.txt,static,function,build_object_map,
FS_VINF_002,proofs/validation/FS_VINF_002.csv,matrix,all-rows,,
FS_VINF_003,proofs/static/build_object_map__forefst.txt,static,function,build_object_map,
FS_VINF_003,proofs/validation/FS_VINF_003.csv,matrix,all-rows,,
FS_CHKP_RA_012,proofs/static/parse_chkp__forefst.txt,static,function,parse_chkp,
FS_CHKP_RA_012,proofs/validation/FS_CHKP_RA_012.csv,matrix,all-rows,,
FS_CHKP_RA_013,proofs/static/parse_chkp__forefst.txt,static,function,parse_chkp,
FS_CHKP_RA_013,proofs/validation/FS_CHKP_RA_013.csv,matrix,all-rows,,
FS_CHKP_RA_001,proofs/static/parse_chkp__forefst.txt,static,function,parse_chkp,
FS_CHKP_RA_001,proofs/validation/FS_CHKP_RA_001.csv,matrix,all-rows,,
FS_VBR_RA_004,proofs/validation/FS_VBR_RA_004.csv,matrix,all-rows,,
FS_SUPB_RA_005,proofs/static/parse_supb__forefst.txt,static,function,parse_supb,
FS_SUPB_RA_005,proofs/validation/FS_SUPB_RA_005.csv,matrix,all-rows,,
FS_OTBL_SA_004,proofs/static/MsSetMinimumNewObjectId__decomp.txt,static,function,MsSetMinimumNewObjectId,
FS_OTBL_SA_004,proofs/validation/FS_OTBL_SA_004.csv,matrix,all-rows,,
FS_OTBL_SA_006,proofs/static/MsInitializeWellKnownObjectId__decomp.txt,static,function,MsInitializeWellKnownObjectId,
FS_OTBL_SA_006,proofs/validation/FS_OTBL_SA_006.csv,matrix,all-rows,,
FS_OTBL_SA_007,proofs/static/MsGetObjectRecordPayload__decomp.txt,static,function,MsGetObjectRecordPayload,
FS_OTBL_SA_007,proofs/validation/FS_OTBL_SA_007.csv,matrix,all-rows,,
FS_VBR_SA_013,proofs/static/RefsIsBootSectorOurs__decomp.txt,static,function,RefsIsBootSectorOurs,
FS_VBR_SA_013,proofs/validation/FS_VBR_SA_013.csv,matrix,all-rows,,
FS_CHKP_RA_007,proofs/static/ReadLatestCheckpoint__decomp.txt,static,function,ReadLatestCheckpoint,
FS_CHKP_RA_007,proofs/validation/FS_CHKP_RA_007.csv,matrix,all-rows,,
FS_CHKP_RA_011,proofs/static/ValidateCheckpointRecord__decomp.txt,static,function,ValidateCheckpointRecord,
FS_CHKP_RA_011,proofs/validation/FS_CHKP_RA_011.csv,matrix,all-rows,,
FS_SUPB_RA_003,proofs/static/ChooseSuperBlock__decomp.txt,static,function,ChooseSuperBlock,
FS_SUPB_RA_003,proofs/validation/FS_SUPB_RA_003.csv,matrix,all-rows,,
FS_CHKP_RA_003,proofs/validation/FS_CHKP_RA_003.csv,matrix,all-rows,,
FS_SUPB_RA_006,proofs/validation/FS_SUPB_RA_006.csv,matrix,all-rows,,
FS_VBR_RA_005,proofs/validation/FS_VBR_RA_005.csv,matrix,all-rows,,
FS_VBR_RA_007,proofs/validation/FS_VBR_RA_007.csv,matrix,all-rows,,
FS_VBR_RA_009,proofs/validation/FS_VBR_RA_009.csv,matrix,all-rows,,
GN_HIER_SA_001,proofs/validation/GN_HIER_SA_001.csv,matrix,all-rows,,
MD_ATTR_SA_001,proofs/validation/MD_ATTR_SA_001.csv,matrix,all-rows,,
FS_CHKP_007,proofs/static/parse_chkp__forefst.txt,static,function,parse_chkp,
FS_CHKP_007,proofs/validation/FS_CHKP_007.csv,matrix,all-rows,,
GN_PAGE_005,proofs/validation/GN_PAGE_005.csv,matrix,all-rows,,
FS_SUPB_007,proofs/static/parse_supb__forefst.txt,static,function,parse_supb,
FS_SUPB_007,proofs/validation/FS_SUPB_007.csv,matrix,all-rows,,
CT_INTS_001,proofs/static/walk_bplus__forefst.txt,static,function,walk_bplus,
CT_INTS_001,proofs/validation/CT_INTS_001.csv,matrix,all-rows,,
FS_OTBL_002,proofs/static/build_object_map__forefst.txt,static,function,build_object_map,
FS_OTBL_002,proofs/validation/FS_OTBL_002.csv,matrix,all-rows,,
FS_CHKP_RA_002,proofs/static/parse_chkp__forefst.txt,static,function,parse_chkp,
FS_CHKP_RA_002,proofs/validation/FS_CHKP_RA_002.csv,matrix,all-rows,,
FS_CHKP_RA_005,proofs/static/parse_chkp__forefst.txt,static,function,parse_chkp,
FS_CHKP_RA_005,proofs/validation/FS_CHKP_RA_005.csv,matrix,all-rows,,
FS_DEL_RA_001,proofs/static/RefsDeleteFile__decomp.txt,static,function,RefsDeleteFile,
FS_DEL_RA_001,proofs/validation/FS_DEL_RA_001.csv,matrix,all-rows,,
FS_OTBL_RA_004,proofs/validation/FS_OTBL_RA_004.csv,matrix,all-rows,,
FS_OTBL_RA_007,proofs/validation/FS_OTBL_RA_007.csv,matrix,all-rows,,
MD_DATA_RA_007,proofs/validation/MD_DATA_RA_007.csv,matrix,all-rows,,
MD_SI_RA_007,proofs/static/RefsConvertToStandardInfoExternalId__decomp.txt,static,function,RefsConvertToStandardInfoExternalId,
MD_SI_RA_007,proofs/validation/MD_SI_RA_007.csv,matrix,all-rows,,
MD_TS_RA_006,proofs/validation/MD_TS_RA_006.csv,matrix,all-rows,,
MD_SI_RA_004,proofs/validation/MD_SI_RA_004.csv,matrix,all-rows,,
MD_SI_RA_010,proofs/validation/MD_SI_RA_010.csv,matrix,all-rows,,
MD_SI_RA_005,proofs/validation/MD_SI_RA_005.csv,matrix,all-rows,,
MD_SI_RA_001,proofs/validation/MD_SI_RA_001.csv,matrix,all-rows,,
MD_SI_RA_012,proofs/validation/MD_SI_RA_012.csv,matrix,all-rows,,
MD_SI_RA_011,proofs/validation/MD_SI_RA_011.csv,matrix,all-rows,,
MD_SI_RA_002,proofs/validation/MD_SI_RA_002.csv,matrix,all-rows,,
MD_SI_RA_003,proofs/validation/MD_SI_RA_003.csv,matrix,all-rows,,
MD_SI_RA_006,proofs/static/RefsComputeStandardInformationFromFcb__decomp.txt,static,function,RefsComputeStandardInformationFromFcb,
MD_SI_RA_006,proofs/validation/MD_SI_RA_006.csv,matrix,all-rows,,
MD_SI_RA_008,proofs/validation/MD_SI_RA_008.csv,matrix,all-rows,,
MD_SI_RA_013,proofs/validation/MD_SI_RA_013.csv,matrix,all-rows,,
MD_SI_RA_014,proofs/validation/MD_SI_RA_014.csv,matrix,all-rows,,
MD_SI_RA_015,proofs/validation/MD_SI_RA_015.csv,matrix,all-rows,,
MD_SI_SA_001,proofs/static/RefsMapStandardInfo__decomp.txt,static,function,RefsMapStandardInfo,
MD_SI_SA_001,proofs/validation/MD_SI_SA_001.csv,matrix,all-rows,,
MD_SI_SA_002,proofs/static/RefsComputeStandardInformationFromFcb__decomp.txt,static,function,RefsComputeStandardInformationFromFcb,
MD_SI_SA_002,proofs/validation/MD_SI_SA_002.csv,matrix,all-rows,,
MD_FTBL_001,proofs/validation/MD_FTBL_001.csv,matrix,all-rows,,
MD_FTBL_002,proofs/validation/MD_FTBL_002.csv,matrix,all-rows,,
MD_FTBL_003,proofs/validation/MD_FTBL_003.csv,matrix,all-rows,,
MD_FTBL_004,proofs/validation/MD_FTBL_004.csv,matrix,all-rows,,
MD_FTBL_005,proofs/validation/MD_FTBL_005.csv,matrix,all-rows,,
MD_FTBL_006,proofs/validation/MD_FTBL_006.csv,matrix,all-rows,,
MD_FTBL_007,proofs/validation/MD_FTBL_007.csv,matrix,all-rows,,
MD_ATTR_001,proofs/static/build_object_map__forefst.txt,static,function,build_object_map,
MD_ATTR_001,proofs/validation/MD_ATTR_001.csv,matrix,all-rows,,
MD_ATTR_002,proofs/static/build_object_map__forefst.txt,static,function,build_object_map,
MD_ATTR_002,proofs/validation/MD_ATTR_002.csv,matrix,all-rows,,
MD_ATTR_005,proofs/validation/MD_ATTR_005.csv,matrix,all-rows,,
MD_ATTR_RA_016,proofs/static/build_object_map__forefst.txt,static,function,build_object_map,
MD_ATTR_RA_016,proofs/validation/MD_ATTR_RA_016.csv,matrix,all-rows,,
MD_ATTR_RA_009,proofs/validation/MD_ATTR_RA_009.csv,matrix,all-rows,,
MD_ATTR_RA_010,proofs/validation/MD_ATTR_RA_010.csv,matrix,all-rows,,
MD_ATTR_RA_011,proofs/validation/MD_ATTR_RA_011.csv,matrix,all-rows,,
MD_ATTR_RA_012,proofs/validation/MD_ATTR_RA_012.csv,matrix,all-rows,,
MD_ATTR_RA_013,proofs/validation/MD_ATTR_RA_013.csv,matrix,all-rows,,
MD_EFS_RA_005,proofs/validation/MD_EFS_RA_005.csv,matrix,all-rows,,
MD_SNAP_RA_006,proofs/validation/MD_SNAP_RA_006.csv,matrix,all-rows,,
MD_DATA_RA_008,proofs/validation/MD_DATA_RA_008.csv,matrix,all-rows,,
MD_DATA_RA_009,proofs/validation/MD_DATA_RA_009.csv,matrix,all-rows,,
MD_DATA_RA_010,proofs/validation/MD_DATA_RA_010.csv,matrix,all-rows,,
MD_ATTR_RA_014,proofs/validation/MD_ATTR_RA_014.csv,matrix,all-rows,,
MD_ATTR_RA_017,proofs/validation/MD_ATTR_RA_017.csv,matrix,all-rows,,
FN_DTBL_001,proofs/static/build_object_map__forefst.txt,static,function,build_object_map,
FN_DTBL_001,proofs/validation/FN_DTBL_001.csv,matrix,all-rows,,
FN_DTBL_002,proofs/static/walk_bplus__forefst.txt,static,function,walk_bplus,
FN_DTBL_002,proofs/validation/FN_DTBL_002.csv,matrix,all-rows,,
FN_DTBL_003,proofs/static/build_object_map__forefst.txt,static,function,build_object_map,
FN_DTBL_003,proofs/validation/FN_DTBL_003.csv,matrix,all-rows,,
FN_DTBL_004,proofs/static/walk_bplus__forefst.txt,static,function,walk_bplus,
FN_DTBL_004,proofs/validation/FN_DTBL_004.csv,matrix,all-rows,,
FN_DTBL_005,proofs/static/walk_bplus__forefst.txt,static,function,walk_bplus,
FN_DTBL_005,proofs/validation/FN_DTBL_005.csv,matrix,all-rows,,
FN_DTBL_006,proofs/static/walk_bplus__forefst.txt,static,function,walk_bplus,
FN_DTBL_006,proofs/validation/FN_DTBL_006.csv,matrix,all-rows,,
MD_DATA_RA_004,proofs/static/walk_bplus__forefst.txt,static,function,walk_bplus,
MD_DATA_RA_004,proofs/validation/MD_DATA_RA_004.csv,matrix,all-rows,,
MD_DATA_RA_005,proofs/static/walk_bplus__forefst.txt,static,function,walk_bplus,
MD_DATA_RA_005,proofs/validation/MD_DATA_RA_005.csv,matrix,all-rows,,
MD_DDIR_001,proofs/validation/MD_DDIR_001.csv,matrix,all-rows,,
MD_DDIR_002,proofs/validation/MD_DDIR_002.csv,matrix,all-rows,,
MD_DDIR_003,proofs/validation/MD_DDIR_003.csv,matrix,all-rows,,
MD_DDIR_004,proofs/validation/MD_DDIR_004.csv,matrix,all-rows,,
MD_DDIR_005,proofs/validation/MD_DDIR_005.csv,matrix,all-rows,,
MD_DDIR_006,proofs/validation/MD_DDIR_006.csv,matrix,all-rows,,
CT_DRNT_001,proofs/validation/CT_DRNT_001.csv,matrix,all-rows,,
CT_DRNT_002,proofs/validation/CT_DRNT_002.csv,matrix,all-rows,,
CT_DRNT_003,proofs/validation/CT_DRNT_003.csv,matrix,all-rows,,
CT_DRNT_004,proofs/validation/CT_DRNT_004.csv,matrix,all-rows,,
CT_DRNT_RA_001,proofs/validation/CT_DRNT_RA_001.csv,matrix,all-rows,,
MD_DATA_RA_001,proofs/validation/MD_DATA_RA_001.csv,matrix,all-rows,,
MD_DATA_RA_002,proofs/validation/MD_DATA_RA_002.csv,matrix,all-rows,,
MD_DATA_RA_003,proofs/validation/MD_DATA_RA_003.csv,matrix,all-rows,,
MD_DATA_RA_006,proofs/validation/MD_DATA_RA_006.csv,matrix,all-rows,,
MD_SF_RA_001,proofs/validation/MD_SF_RA_001.csv,matrix,all-rows,,
MD_SF_RA_002,proofs/validation/MD_SF_RA_002.csv,matrix,all-rows,,
MD_SF_RA_004,proofs/validation/MD_SF_RA_004.csv,matrix,all-rows,,
CT_ALLC_RA_001,proofs/static/walk_bplus__forefst.txt,static,function,walk_bplus,
CT_ALLC_RA_001,proofs/validation/CT_ALLC_RA_001.csv,matrix,all-rows,,
CT_BKRC_RA_001,proofs/static/walk_bplus__forefst.txt,static,function,walk_bplus,
CT_BKRC_RA_001,proofs/validation/CT_BKRC_RA_001.csv,matrix,all-rows,,
CT_BKRC_RA_002,proofs/validation/CT_BKRC_RA_002.csv,matrix,all-rows,,
MD_ATTR_RA_005,proofs/static/build_object_map__forefst.txt,static,function,build_object_map,
MD_ATTR_RA_005,proofs/validation/MD_ATTR_RA_005.csv,matrix,all-rows,,
CT_CTBL_001,proofs/static/_parse_ct_page__forefst.txt,static,function,_parse_ct_page,
CT_CTBL_001,proofs/validation/CT_CTBL_001.csv,matrix,all-rows,,
CT_CTBL_RA_007,proofs/static/Translator__forefst.txt,static,function,Translator,
CT_CTBL_RA_007,proofs/validation/CT_CTBL_RA_007.csv,matrix,all-rows,,
CT_CTBL_RA_003,proofs/static/_parse_ct_page__forefst.txt,static,function,_parse_ct_page,
CT_CTBL_RA_003,proofs/validation/CT_CTBL_RA_003.csv,matrix,all-rows,,
CT_CTBL_006,proofs/static/_parse_ct_page__forefst.txt,static,function,_parse_ct_page,
CT_CTBL_006,proofs/validation/CT_CTBL_006.csv,matrix,all-rows,,
MD_USN_RA_004,proofs/validation/MD_USN_RA_004.csv,matrix,all-rows,,
MD_ATTR_RA_015,proofs/validation/MD_ATTR_RA_015.csv,matrix,all-rows,,
CT_ALLC_001,proofs/validation/CT_ALLC_001.csv,matrix,all-rows,,
CT_ALLC_002,proofs/validation/CT_ALLC_002.csv,matrix,all-rows,,
CT_ALLC_003,proofs/validation/CT_ALLC_003.csv,matrix,all-rows,,
CT_BKRC_001,proofs/validation/CT_BKRC_001.csv,matrix,all-rows,,
CT_CNTX_001,proofs/validation/CT_CNTX_001.csv,matrix,all-rows,,
CT_CTBL_005,proofs/validation/CT_CTBL_005.csv,matrix,all-rows,,
CT_CTBL_008,proofs/validation/CT_CTBL_008.csv,matrix,all-rows,,
CT_CTBL_011,proofs/validation/CT_CTBL_011.csv,matrix,all-rows,,
CT_MISC_001,proofs/validation/CT_MISC_001.csv,matrix,all-rows,,
CT_MISC_002,proofs/validation/CT_MISC_002.csv,matrix,all-rows,,
CT_COMP_RA_001,proofs/validation/CT_COMP_RA_001.csv,matrix,all-rows,,
CT_COMP_RA_002,proofs/validation/CT_COMP_RA_002.csv,matrix,all-rows,,
FN_ADDR_001,proofs/validation/FN_ADDR_001.csv,matrix,all-rows,,
FN_LINK_001,proofs/validation/FN_LINK_001.csv,matrix,all-rows,,
FN_MISC_001,proofs/validation/FN_MISC_001.csv,matrix,all-rows,,
FN_OPEN_SA_001,proofs/static/RefsCommonCreate__decomp.txt,static,function,RefsCommonCreate,
FN_OPEN_SA_001,proofs/validation/FN_OPEN_SA_001.csv,matrix,all-rows,,
FN_PATH_001,proofs/validation/FN_PATH_001.csv,matrix,all-rows,,
MD_ATTR_003,proofs/validation/MD_ATTR_003.csv,matrix,all-rows,,
MD_ATTR_004,proofs/validation/MD_ATTR_004.csv,matrix,all-rows,,
MD_ATTR_006,proofs/validation/MD_ATTR_006.csv,matrix,all-rows,,
MD_ATTR_007,proofs/validation/MD_ATTR_007.csv,matrix,all-rows,,
MD_ATTR_008,proofs/validation/MD_ATTR_008.csv,matrix,all-rows,,
MD_ATTR_009,proofs/validation/MD_ATTR_009.csv,matrix,all-rows,,
MD_ATTR_010,proofs/validation/MD_ATTR_010.csv,matrix,all-rows,,
MD_ATTR_RA_001,proofs/validation/MD_ATTR_RA_001.csv,matrix,all-rows,,
MD_ATTR_RA_002,proofs/validation/MD_ATTR_RA_002.csv,matrix,all-rows,,
MD_ATTR_RA_003,proofs/validation/MD_ATTR_RA_003.csv,matrix,all-rows,,
MD_ATTR_RA_004,proofs/validation/MD_ATTR_RA_004.csv,matrix,all-rows,,
MD_ATTR_RA_006,proofs/validation/MD_ATTR_RA_006.csv,matrix,all-rows,,
MD_ATTR_RA_007,proofs/validation/MD_ATTR_RA_007.csv,matrix,all-rows,,
MD_ATTR_RA_008,proofs/validation/MD_ATTR_RA_008.csv,matrix,all-rows,,
MD_CS_RA_001,proofs/validation/MD_CS_RA_001.csv,matrix,all-rows,,
MD_CS_RA_002,proofs/validation/MD_CS_RA_002.csv,matrix,all-rows,,
MD_DEL_RA_001,proofs/validation/MD_DEL_RA_001.csv,matrix,all-rows,,
MD_DEL_RA_002,proofs/validation/MD_DEL_RA_002.csv,matrix,all-rows,,
MD_DEL_RA_003,proofs/validation/MD_DEL_RA_003.csv,matrix,all-rows,,
MD_DISK_RA_003,proofs/validation/MD_DISK_RA_003.csv,matrix,all-rows,,
MD_DISK_RA_004,proofs/validation/MD_DISK_RA_004.csv,matrix,all-rows,,
MD_DISK_RA_006,proofs/validation/MD_DISK_RA_006.csv,matrix,all-rows,,
MD_DISK_RA_008,proofs/validation/MD_DISK_RA_008.csv,matrix,all-rows,,
MD_DISK_RA_009,proofs/validation/MD_DISK_RA_009.csv,matrix,all-rows,,
MD_DISK_RA_010,proofs/validation/MD_DISK_RA_010.csv,matrix,all-rows,,
MD_EFS_RA_001,proofs/validation/MD_EFS_RA_001.csv,matrix,all-rows,,
MD_EFS_RA_002,proofs/validation/MD_EFS_RA_002.csv,matrix,all-rows,,
MD_EFS_RA_003,proofs/validation/MD_EFS_RA_003.csv,matrix,all-rows,,
MD_LK_RA_001,proofs/validation/MD_LK_RA_001.csv,matrix,all-rows,,
MD_LK_RA_002,proofs/validation/MD_LK_RA_002.csv,matrix,all-rows,,
MD_LK_RA_003,proofs/validation/MD_LK_RA_003.csv,matrix,all-rows,,
MD_LK_RA_004,proofs/validation/MD_LK_RA_004.csv,matrix,all-rows,,
MD_LK_RA_005,proofs/validation/MD_LK_RA_005.csv,matrix,all-rows,,
MD_LK_RA_006,proofs/validation/MD_LK_RA_006.csv,matrix,all-rows,,
MD_LK_RA_007,proofs/validation/MD_LK_RA_007.csv,matrix,all-rows,,
MD_LK_RA_008,proofs/validation/MD_LK_RA_008.csv,matrix,all-rows,,
MD_LK_RA_009,proofs/validation/MD_LK_RA_009.csv,matrix,all-rows,,
MD_MISC_001,proofs/validation/MD_MISC_001.csv,matrix,all-rows,,
MD_MISC_002,proofs/validation/MD_MISC_002.csv,matrix,all-rows,,
MD_SECT_001,proofs/validation/MD_SECT_001.csv,matrix,all-rows,,
MD_SNAP_RA_001,proofs/validation/MD_SNAP_RA_001.csv,matrix,all-rows,,
MD_SNAP_RA_002,proofs/validation/MD_SNAP_RA_002.csv,matrix,all-rows,,
MD_SNAP_RA_003,proofs/validation/MD_SNAP_RA_003.csv,matrix,all-rows,,
MD_SNAP_RA_004,proofs/validation/MD_SNAP_RA_004.csv,matrix,all-rows,,
MD_SNAP_RA_005,proofs/validation/MD_SNAP_RA_005.csv,matrix,all-rows,,
MD_SNAP_RA_007,proofs/validation/MD_SNAP_RA_007.csv,matrix,all-rows,,
MD_TS_RA_001,proofs/validation/MD_TS_RA_001.csv,matrix,all-rows,,
MD_TS_RA_002,proofs/validation/MD_TS_RA_002.csv,matrix,all-rows,,
MD_TS_RA_003,proofs/validation/MD_TS_RA_003.csv,matrix,all-rows,,
MD_TS_RA_004,proofs/validation/MD_TS_RA_004.csv,matrix,all-rows,,
MD_TS_RA_005,proofs/validation/MD_TS_RA_005.csv,matrix,all-rows,,
MD_UNSUP_RA_001,proofs/validation/MD_UNSUP_RA_001.csv,matrix,all-rows,,
MD_USN_RA_001,proofs/validation/MD_USN_RA_001.csv,matrix,all-rows,,
MD_USN_RA_002,proofs/validation/MD_USN_RA_002.csv,matrix,all-rows,,
MD_USN_RA_003,proofs/validation/MD_USN_RA_003.csv,matrix,all-rows,,
GN_ARCH_001,proofs/static/CmsBPlusTable__decomp.txt,static,function,CmsBPlusTable,
GN_ARCH_001,proofs/validation/GN_ARCH_001.csv,matrix,all-rows,,
GN_ARCH_002,proofs/static/MsUpdateDataWithRoot__decomp.txt,static,function,MsUpdateDataWithRoot,
GN_ARCH_002,proofs/validation/GN_ARCH_002.csv,matrix,all-rows,,
GN_ARCH_003,proofs/static/CmsVolumeContainer__decomp.txt,static,function,CmsVolumeContainer,
GN_ARCH_003,proofs/validation/GN_ARCH_003.csv,matrix,all-rows,,
GN_ARCH_004,proofs/validation/GN_ARCH_004.csv,matrix,all-rows,,
GN_ARCH_005,proofs/validation/GN_ARCH_005.csv,matrix,all-rows,,
GN_PAGE_004,proofs/validation/GN_PAGE_004.csv,matrix,all-rows,,
GN_IDXR_001,proofs/validation/GN_IDXR_001.csv,matrix,all-rows,,
GN_IDXR_002,proofs/validation/GN_IDXR_002.csv,matrix,all-rows,,
GN_IDXR_003,proofs/validation/GN_IDXR_003.csv,matrix,all-rows,,
GN_IDXR_004,proofs/validation/GN_IDXR_004.csv,matrix,all-rows,,
GN_IDXH_001,proofs/static/walk_bplus__forefst.txt,static,function,walk_bplus,
GN_IDXH_001,proofs/validation/GN_IDXH_001.csv,matrix,all-rows,,
GN_IDXH_002,proofs/static/walk_bplus__forefst.txt,static,function,walk_bplus,
GN_IDXH_002,proofs/validation/GN_IDXH_002.csv,matrix,all-rows,,
GN_IDXH_003,proofs/static/walk_bplus__forefst.txt,static,function,walk_bplus,
GN_IDXH_003,proofs/validation/GN_IDXH_003.csv,matrix,all-rows,,
GN_IENT_001,proofs/static/walk_bplus__forefst.txt,static,function,walk_bplus,
GN_IENT_001,proofs/validation/GN_IENT_001.csv,matrix,all-rows,,
GN_IENT_002,proofs/static/walk_bplus__forefst.txt,static,function,walk_bplus,
GN_IENT_002,proofs/validation/GN_IENT_002.csv,matrix,all-rows,,
GN_IENT_003,proofs/static/walk_bplus__forefst.txt,static,function,walk_bplus,
GN_IENT_003,proofs/validation/GN_IENT_003.csv,matrix,all-rows,,
GN_IENT_004,proofs/static/walk_bplus__forefst.txt,static,function,walk_bplus,
GN_IENT_004,proofs/validation/GN_IENT_004.csv,matrix,all-rows,,
GN_IENT_005,proofs/static/walk_bplus__forefst.txt,static,function,walk_bplus,
GN_IENT_005,proofs/validation/GN_IENT_005.csv,matrix,all-rows,,
GN_IENT_006,proofs/static/walk_bplus__forefst.txt,static,function,walk_bplus,
GN_IENT_006,proofs/validation/GN_IENT_006.csv,matrix,all-rows,,
FS_VBR_013,proofs/validation/FS_VBR_013.csv,matrix,all-rows,,
FS_CHKP_001,proofs/static/parse_chkp__forefst.txt,static,function,parse_chkp,
FS_CHKP_001,proofs/validation/FS_CHKP_001.csv,matrix,all-rows,,
FS_SCHM_001,proofs/validation/FS_SCHM_001.csv,matrix,all-rows,,
FS_OTBL_001,proofs/validation/FS_OTBL_001.csv,matrix,all-rows,,
FS_OTBL_003,proofs/validation/FS_OTBL_003.csv,matrix,all-rows,,
FS_OTBL_004,proofs/validation/FS_OTBL_004.csv,matrix,all-rows,,
FS_OTBL_005,proofs/validation/FS_OTBL_005.csv,matrix,all-rows,,
FS_UPCS_001,proofs/validation/FS_UPCS_001.csv,matrix,all-rows,,
FS_PCHL_001,proofs/validation/FS_PCHL_001.csv,matrix,all-rows,,
AP_LGTB_001,proofs/validation/AP_LGTB_001.csv,matrix,all-rows,,
AP_LGTB_002,proofs/validation/AP_LGTB_002.csv,matrix,all-rows,,
AP_LGTB_003,proofs/validation/AP_LGTB_003.csv,matrix,all-rows,,
AP_LGTB_004,proofs/validation/AP_LGTB_004.csv,matrix,all-rows,,
AP_LGTB_005,proofs/validation/AP_LGTB_005.csv,matrix,all-rows,,
AP_LGFL_001,proofs/validation/AP_LGFL_001.csv,matrix,all-rows,,
AP_LGFL_002,proofs/validation/AP_LGFL_002.csv,matrix,all-rows,,
AP_LGFL_003,proofs/validation/AP_LGFL_003.csv,matrix,all-rows,,
AP_LGFL_004,proofs/validation/AP_LGFL_004.csv,matrix,all-rows,,
AP_LGFL_005,proofs/validation/AP_LGFL_005.csv,matrix,all-rows,,
AP_REDO_001,proofs/static/PerformRedo__decomp.txt,static,function,PerformRedo,
AP_REDO_001,proofs/validation/AP_REDO_001.csv,matrix,all-rows,,
AP_REDO_002,proofs/static/PerformRedo__decomp.txt,static,function,PerformRedo,
AP_REDO_002,proofs/validation/AP_REDO_002.csv,matrix,all-rows,,
AP_REDO_003,proofs/static/PerformRedo__decomp.txt,static,function,PerformRedo,
AP_REDO_003,proofs/validation/AP_REDO_003.csv,matrix,all-rows,,
AP_REDO_004,proofs/static/PerformRedo__decomp.txt,static,function,PerformRedo,
AP_REDO_004,proofs/validation/AP_REDO_004.csv,matrix,all-rows,,
AP_REDO_005,proofs/static/PerformRedo__decomp.txt,static,function,PerformRedo,
AP_REDO_005,proofs/validation/AP_REDO_005.csv,matrix,all-rows,,
AP_REDO_006,proofs/static/PerformRedo__decomp.txt,static,function,PerformRedo,
AP_REDO_006,proofs/validation/AP_REDO_006.csv,matrix,all-rows,,
AP_REDO_007,proofs/static/PerformRedo__decomp.txt,static,function,PerformRedo,
AP_REDO_007,proofs/validation/AP_REDO_007.csv,matrix,all-rows,,
AP_REDO_008,proofs/static/PerformRedo__decomp.txt,static,function,PerformRedo,
AP_REDO_008,proofs/validation/AP_REDO_008.csv,matrix,all-rows,,
AP_REDO_009,proofs/static/PerformRedo__decomp.txt,static,function,PerformRedo,
AP_REDO_009,proofs/validation/AP_REDO_009.csv,matrix,all-rows,,
AP_REDO_010,proofs/static/PerformRedo__decomp.txt,static,function,PerformRedo,
AP_REDO_010,proofs/validation/AP_REDO_010.csv,matrix,all-rows,,
AP_REDO_011,proofs/static/PerformRedo__decomp.txt,static,function,PerformRedo,
AP_REDO_011,proofs/validation/AP_REDO_011.csv,matrix,all-rows,,
AP_REDO_012,proofs/static/PerformRedo__decomp.txt,static,function,PerformRedo,
AP_REDO_012,proofs/validation/AP_REDO_012.csv,matrix,all-rows,,
AP_REDO_013,proofs/static/PerformRedo__decomp.txt,static,function,PerformRedo,
AP_REDO_013,proofs/validation/AP_REDO_013.csv,matrix,all-rows,,
AP_REDO_014,proofs/static/PerformRedo__decomp.txt,static,function,PerformRedo,
AP_REDO_014,proofs/validation/AP_REDO_014.csv,matrix,all-rows,,
AP_REDO_015,proofs/static/PerformRedo__decomp.txt,static,function,PerformRedo,
AP_REDO_015,proofs/validation/AP_REDO_015.csv,matrix,all-rows,,
AP_REDO_016,proofs/static/PerformRedo__decomp.txt,static,function,PerformRedo,
AP_REDO_016,proofs/validation/AP_REDO_016.csv,matrix,all-rows,,
AP_REDO_017,proofs/static/PerformRedo__decomp.txt,static,function,PerformRedo,
AP_REDO_017,proofs/validation/AP_REDO_017.csv,matrix,all-rows,,
AP_REDO_018,proofs/static/PerformRedo__decomp.txt,static,function,PerformRedo,
AP_REDO_018,proofs/validation/AP_REDO_018.csv,matrix,all-rows,,
AP_REDO_019,proofs/static/PerformRedo__decomp.txt,static,function,PerformRedo,
AP_REDO_019,proofs/validation/AP_REDO_019.csv,matrix,all-rows,,
AP_REDO_020,proofs/static/PerformRedo__decomp.txt,static,function,PerformRedo,
AP_REDO_020,proofs/validation/AP_REDO_020.csv,matrix,all-rows,,
AP_REDO_021,proofs/static/PerformRedo__decomp.txt,static,function,PerformRedo,
AP_REDO_021,proofs/validation/AP_REDO_021.csv,matrix,all-rows,,
AP_REDO_022,proofs/static/PerformRedo__decomp.txt,static,function,PerformRedo,
AP_REDO_022,proofs/validation/AP_REDO_022.csv,matrix,all-rows,,
AP_REDO_023,proofs/static/PerformRedo__decomp.txt,static,function,PerformRedo,
AP_REDO_023,proofs/validation/AP_REDO_023.csv,matrix,all-rows,,
AP_REDO_024,proofs/static/PerformRedo__decomp.txt,static,function,PerformRedo,
AP_REDO_024,proofs/validation/AP_REDO_024.csv,matrix,all-rows,,
AP_REDO_025,proofs/static/PerformRedo__decomp.txt,static,function,PerformRedo,
AP_REDO_025,proofs/validation/AP_REDO_025.csv,matrix,all-rows,,
AP_REDO_026,proofs/static/PerformRedo__decomp.txt,static,function,PerformRedo,
AP_REDO_026,proofs/validation/AP_REDO_026.csv,matrix,all-rows,,
AP_REDO_027,proofs/static/PerformRedo__decomp.txt,static,function,PerformRedo,
AP_REDO_027,proofs/validation/AP_REDO_027.csv,matrix,all-rows,,
AP_REDO_028,proofs/static/PerformRedo__decomp.txt,static,function,PerformRedo,
AP_REDO_028,proofs/validation/AP_REDO_028.csv,matrix,all-rows,,
AP_REDO_029,proofs/static/PerformRedo__decomp.txt,static,function,PerformRedo,
AP_REDO_029,proofs/validation/AP_REDO_029.csv,matrix,all-rows,,
AP_REDO_030,proofs/static/PerformRedo__decomp.txt,static,function,PerformRedo,
AP_REDO_030,proofs/validation/AP_REDO_030.csv,matrix,all-rows,,
AP_REDO_031,proofs/static/PerformRedo__decomp.txt,static,function,PerformRedo,
AP_REDO_031,proofs/validation/AP_REDO_031.csv,matrix,all-rows,,
AP_REDO_032,proofs/static/PerformRedo__decomp.txt,static,function,PerformRedo,
AP_REDO_032,proofs/validation/AP_REDO_032.csv,matrix,all-rows,,
AP_REDO_033,proofs/static/PerformRedo__decomp.txt,static,function,PerformRedo,
AP_REDO_033,proofs/validation/AP_REDO_033.csv,matrix,all-rows,,
AP_REDO_034,proofs/static/PerformRedo__decomp.txt,static,function,PerformRedo,
AP_REDO_034,proofs/validation/AP_REDO_034.csv,matrix,all-rows,,
AP_REDO_035,proofs/static/PerformRedo__decomp.txt,static,function,PerformRedo,
AP_REDO_035,proofs/validation/AP_REDO_035.csv,matrix,all-rows,,
AP_REDO_036,proofs/static/PerformRedo__decomp.txt,static,function,PerformRedo,
AP_REDO_036,proofs/validation/AP_REDO_036.csv,matrix,all-rows,,
AP_REDO_037,proofs/static/PerformRedo__decomp.txt,static,function,PerformRedo,
AP_REDO_037,proofs/validation/AP_REDO_037.csv,matrix,all-rows,,
AP_REDO_038,proofs/static/PerformRedo__decomp.txt,static,function,PerformRedo,
AP_REDO_038,proofs/validation/AP_REDO_038.csv,matrix,all-rows,,
AP_REDO_039,proofs/static/PerformRedo__decomp.txt,static,function,PerformRedo,
AP_REDO_039,proofs/validation/AP_REDO_039.csv,matrix,all-rows,,
AP_EVNT_001,proofs/validation/AP_EVNT_001.csv,matrix,all-rows,,
AP_EVNT_002,proofs/validation/AP_EVNT_002.csv,matrix,all-rows,,
AP_EVNT_003,proofs/validation/AP_EVNT_003.csv,matrix,all-rows,,
AP_EVNT_004,proofs/validation/AP_EVNT_004.csv,matrix,all-rows,,
AP_EVNT_005,proofs/validation/AP_EVNT_005.csv,matrix,all-rows,,
AP_EVNT_006,proofs/validation/AP_EVNT_006.csv,matrix,all-rows,,
AP_EVNT_007,proofs/validation/AP_EVNT_007.csv,matrix,all-rows,,
AP_WIPE_001,proofs/validation/AP_WIPE_001.csv,matrix,all-rows,,
AP_CHJN_001,proofs/validation/AP_CHJN_001.csv,matrix,all-rows,,
AP_CHJN_002,proofs/validation/AP_CHJN_002.csv,matrix,all-rows,,
AP_CHJN_003,proofs/validation/AP_CHJN_003.csv,matrix,all-rows,,
AP_CHJN_004,proofs/validation/AP_CHJN_004.csv,matrix,all-rows,,
GN_ARCH_SA_001,proofs/static/Refs__decomp.txt,static,function,Refs,
GN_ARCH_SA_001,proofs/validation/GN_ARCH_SA_001.csv,matrix,all-rows,,
GN_IRP_SA_001,proofs/static/RefsFsd__decomp.txt,static,function,RefsFsd,
GN_IRP_SA_001,proofs/validation/GN_IRP_SA_001.csv,matrix,all-rows,,
GN_BIN_SA_001,proofs/validation/GN_BIN_SA_001.csv,matrix,all-rows,,
GN_ALLC_SA_001,proofs/validation/GN_ALLC_SA_001.csv,matrix,all-rows,,
GN_AMGR_SA_001,proofs/validation/GN_AMGR_SA_001.csv,matrix,all-rows,,
GN_EFS_SA_001,proofs/static/RefsSetEncryption__decomp.txt,static,function,RefsSetEncryption,
GN_EFS_SA_001,proofs/validation/GN_EFS_SA_001.csv,matrix,all-rows,,
GN_HEAT_SA_001,proofs/static/CmsVolumeHeatEngine__decomp.txt,static,function,CmsVolumeHeatEngine,
GN_HEAT_SA_001,proofs/validation/GN_HEAT_SA_001.csv,matrix,all-rows,,
GN_COMP_SA_001,proofs/validation/GN_COMP_SA_001.csv,matrix,all-rows,,
GN_DEDUP_SA_001,proofs/static/MsIsDedupEnabled__decomp.txt,static,function,MsIsDedupEnabled,
GN_DEDUP_SA_001,proofs/validation/GN_DEDUP_SA_001.csv,matrix,all-rows,,
GN_SNAP_SA_001,proofs/validation/GN_SNAP_SA_001.csv,matrix,all-rows,,
GN_WSL_SA_001,proofs/validation/GN_WSL_SA_001.csv,matrix,all-rows,,
GN_CROT_SA_001,proofs/static/CmsVolumeContainer__decomp.txt,static,function,CmsVolumeContainer,
GN_CROT_SA_001,proofs/validation/GN_CROT_SA_001.csv,matrix,all-rows,,
GN_KSR_SA_001,proofs/validation/GN_KSR_SA_001.csv,matrix,all-rows,,
GN_FOPS_SA_001,proofs/static/RefsCommonCleanup__decomp.txt,static,function,RefsCommonCleanup,
GN_FOPS_SA_001,proofs/validation/GN_FOPS_SA_001.csv,matrix,all-rows,,
GN_FOPS_SA_002,proofs/static/RefsFsdCreate__decomp.txt,static,function,RefsFsdCreate,
GN_FOPS_SA_002,proofs/validation/GN_FOPS_SA_002.csv,matrix,all-rows,,
GN_INS_SA_001,proofs/validation/GN_INS_SA_001.csv,matrix,all-rows,,
GN_INS_SA_002,proofs/validation/GN_INS_SA_002.csv,matrix,all-rows,,
GN_INS_SA_003,proofs/validation/GN_INS_SA_003.csv,matrix,all-rows,,
GN_XVER_SA_001,proofs/validation/GN_XVER_SA_001.csv,matrix,all-rows,,
GN_IMP_SA_001,proofs/validation/GN_IMP_SA_001.csv,matrix,all-rows,,
GN_OOP_SA_001,proofs/validation/GN_OOP_SA_001.csv,matrix,all-rows,,
GN_UTIL_SA_001,proofs/static/CmsBPlusTable__decomp.txt,static,function,CmsBPlusTable,
GN_UTIL_SA_001,proofs/validation/GN_UTIL_SA_001.csv,matrix,all-rows,,
FS_VBR_RA_002,proofs/validation/FS_VBR_RA_002.csv,matrix,all-rows,,
GN_ARCH_RA_001,proofs/validation/GN_ARCH_RA_001.csv,matrix,all-rows,,
AP_LGFL_RA_002,proofs/validation/AP_LGFL_RA_002.csv,matrix,all-rows,,
AP_LGFL_RA_003,proofs/validation/AP_LGFL_RA_003.csv,matrix,all-rows,,
FS_OTBL_RA_001,proofs/static/RefsTelemetryPerfCountersWorker__decomp.txt,static,function,RefsTelemetryPerfCountersWorker,
FS_OTBL_RA_001,proofs/validation/FS_OTBL_RA_001.csv,matrix,all-rows,,
FS_VBR_RA_006,proofs/validation/FS_VBR_RA_006.csv,matrix,all-rows,,
GN_ARCH_RA_002,proofs/validation/GN_ARCH_RA_002.csv,matrix,all-rows,,
FS_VINF_RA_001,proofs/validation/FS_VINF_RA_001.csv,matrix,all-rows,,
GN_BPT_RA_001,proofs/validation/GN_BPT_RA_001.csv,matrix,all-rows,,
GN_DTCT_RA_001,proofs/validation/GN_DTCT_RA_001.csv,matrix,all-rows,,
AP_LGFL_RA_004,proofs/validation/AP_LGFL_RA_004.csv,matrix,all-rows,,
AP_LGFL_RA_005,proofs/validation/AP_LGFL_RA_005.csv,matrix,all-rows,,
AP_LGFL_RA_006,proofs/validation/AP_LGFL_RA_006.csv,matrix,all-rows,,
FS_CHKP_RA_008,proofs/validation/FS_CHKP_RA_008.csv,matrix,all-rows,,
FS_CHKP_RA_009,proofs/validation/FS_CHKP_RA_009.csv,matrix,all-rows,,
FS_OTBL_RA_002,proofs/validation/FS_OTBL_RA_002.csv,matrix,all-rows,,
FS_OTBL_RA_003,proofs/validation/FS_OTBL_RA_003.csv,matrix,all-rows,,
FS_OTBL_RA_005,proofs/static/MsInitializeWellKnownObjectId__decomp.txt,static,function,MsInitializeWellKnownObjectId,
FS_OTBL_RA_005,proofs/validation/FS_OTBL_RA_005.csv,matrix,all-rows,,
FS_SCHM_RA_001,proofs/validation/FS_SCHM_RA_001.csv,matrix,all-rows,,
FS_SCHM_RA_002,proofs/validation/FS_SCHM_RA_002.csv,matrix,all-rows,,
FS_SCHM_RA_003,proofs/validation/FS_SCHM_RA_003.csv,matrix,all-rows,,
FS_SCHM_RA_004,proofs/validation/FS_SCHM_RA_004.csv,matrix,all-rows,,
FS_SCHM_RA_005,proofs/validation/FS_SCHM_RA_005.csv,matrix,all-rows,,
FS_SCHM_RA_006,proofs/validation/FS_SCHM_RA_006.csv,matrix,all-rows,,
FS_SCHM_RA_007,proofs/validation/FS_SCHM_RA_007.csv,matrix,all-rows,,
FS_SNAP_RA_001,proofs/validation/FS_SNAP_RA_001.csv,matrix,all-rows,,
FS_VBR_RA_010,proofs/validation/FS_VBR_RA_010.csv,matrix,all-rows,,
FS_SUPB_RA_001,proofs/validation/FS_SUPB_RA_001.csv,matrix,all-rows,,
FS_SECD_RA_001,proofs/validation/FS_SECD_RA_001.csv,matrix,all-rows,,
FS_SECD_RA_002,proofs/validation/FS_SECD_RA_002.csv,matrix,all-rows,,
FS_SECD_RA_003,proofs/validation/FS_SECD_RA_003.csv,matrix,all-rows,,
FS_REPS_RA_001,proofs/validation/FS_REPS_RA_001.csv,matrix,all-rows,,
FS_REPS_RA_002,proofs/validation/FS_REPS_RA_002.csv,matrix,all-rows,,
FS_SUPB_RA_002,proofs/static/parse_supb__forefst.txt,static,function,parse_supb,
FS_SUPB_RA_002,proofs/validation/FS_SUPB_RA_002.csv,matrix,all-rows,,
FS_SUPB_RA_004,proofs/validation/FS_SUPB_RA_004.csv,matrix,all-rows,,
FS_UPGD_RA_001,proofs/validation/FS_UPGD_RA_001.csv,matrix,all-rows,,
FS_PCTB_RA_001,proofs/validation/FS_PCTB_RA_001.csv,matrix,all-rows,,
FS_SCHM_RA_008,proofs/validation/FS_SCHM_RA_008.csv,matrix,all-rows,,
FS_OTBL_RA_006,proofs/static/MsSetMinimumNewObjectId__decomp.txt,static,function,MsSetMinimumNewObjectId,
FS_OTBL_RA_006,proofs/validation/FS_OTBL_RA_006.csv,matrix,all-rows,,
GN_MISC_001,proofs/validation/GN_MISC_001.csv,matrix,all-rows,,
GN_MISC_002,proofs/validation/GN_MISC_002.csv,matrix,all-rows,,
FS_OTBL_SA_001,proofs/validation/FS_OTBL_SA_001.csv,matrix,all-rows,,
FS_OTBL_SA_002,proofs/validation/FS_OTBL_SA_002.csv,matrix,all-rows,,
FS_OTBL_SA_003,proofs/validation/FS_OTBL_SA_003.csv,matrix,all-rows,,
FS_OTBL_SA_005,proofs/static/RefsIsSystemObjectId__decomp.txt,static,function,RefsIsSystemObjectId,
FS_OTBL_SA_005,proofs/validation/FS_OTBL_SA_005.csv,matrix,all-rows,,
FS_OTBL_SA_008,proofs/static/RefsOpenFcbById__decomp.txt,static,function,RefsOpenFcbById,
FS_OTBL_SA_008,proofs/validation/FS_OTBL_SA_008.csv,matrix,all-rows,,
FS_OTBL_SA_009,proofs/validation/FS_OTBL_SA_009.csv,matrix,all-rows,,
FS_OTBL_SA_010,proofs/validation/FS_OTBL_SA_010.csv,matrix,all-rows,,
GN_ARCH_SA_002,proofs/validation/GN_ARCH_SA_002.csv,matrix,all-rows,,
FS_SCHM_RA_009,proofs/validation/FS_SCHM_RA_009.csv,matrix,all-rows,,
FS_VBR_RA_011,proofs/validation/FS_VBR_RA_011.csv,matrix,all-rows,,
FS_SCHM_RA_010,proofs/validation/FS_SCHM_RA_010.csv,matrix,all-rows,,
FS_SCHM_RA_011,proofs/validation/FS_SCHM_RA_011.csv,matrix,all-rows,,
AP_REDO_040,proofs/validation/AP_REDO_040.csv,matrix,all-rows,,
FS_VBR_RA_012,proofs/static/parse_vbr__forefst.txt,static,function,parse_vbr,
FS_VBR_RA_012,proofs/validation/FS_VBR_RA_012.csv,matrix,all-rows,,
AP_LGFL_RA_007,proofs/validation/AP_LGFL_RA_007.csv,matrix,all-rows,,
FN_LINK_002,proofs/static/RefsConvertToStandardInfoLinkCount__decomp.txt,static,function,RefsConvertToStandardInfoLinkCount,
FN_LINK_002,proofs/validation/FN_LINK_002.csv,matrix,all-rows,,
FS_REPS_RA_003,proofs/static/RefsQueryLxMetadataEa__decomp.txt,static,function,RefsQueryLxMetadataEa,
FS_REPS_RA_003,proofs/validation/FS_REPS_RA_003.csv,matrix,all-rows,,
MD_INTG_RA_001,proofs/static/RefsSetIntegrity__decomp.txt,static,function,RefsSetIntegrity,
MD_INTG_RA_001,proofs/validation/MD_INTG_RA_001.csv,matrix,all-rows,,
AP_LGFL_RA_008,proofs/static/LogValidateEntryHeader__decomp.txt,static,function,LogValidateEntryHeader,
AP_LGFL_RA_008,proofs/validation/AP_LGFL_RA_008.csv,matrix,all-rows,,
